"PROPERTYZIP.x","SALEYEAR","emmean","SE","df","lower.CL","upper.CL","adjusted_price","lower_ci","upper_ci"
15201,2012,546.010163350117,28.5764178187091,133470,490.000905701757,602.019420998478,298127.098481622,240100.887588542,362427.383259342
15202,2012,444.726365994892,28.5511962661845,133470,388.766542129401,500.686189860383,197781.540611023,151139.424279252,250686.660716907
15203,2012,532.07371727656,28.6001845483864,133470,476.017877271573,588.129557281547,283102.440616497,226593.019482134,345896.376148189
15204,2012,371.479630591235,28.5950933117494,133470,315.433769317185,427.525491865286,137997.115944201,99498.4628256469,182778.046194655
15205,2012,432.014668914539,28.5479030491659,133470,376.061299694331,487.968038134746,186636.674157339,141422.10112779,238112.806241073
15206,2012,511.853074658561,28.5603778708047,133470,455.875255015501,567.830894301621,261993.570037422,207822.248135448,322431.924523379
15207,2012,427.454429790324,28.5792468621589,133470,371.439627268408,483.469232312239,182717.289547371,137967.396705294,233742.498592586
15208,2012,493.880284949042,28.6298957401706,133470,437.766211550134,549.99435834795,243917.735861347,191639.255974956,302493.794214573
15209,2012,444.241781905005,28.5721760691492,133470,388.240838008406,500.242725801603,197350.760790134,150730.948297469,250242.784717418
15210,2012,374.400836177484,28.5497716399361,133470,318.443804553453,430.357867801515,140175.986130399,101406.456658478,185207.894378666
15211,2012,487.370919841402,28.584925112629,133470,431.344988052144,543.396851630659,237530.413507054,186058.498717704,295280.138362113
15212,2012,431.546188932219,28.5493930689929,133470,375.589899300331,487.502478564107,186232.113181922,141067.772456433,237658.666606148
15213,2012,544.034097287991,28.5809310587193,133470,488.015993771539,600.052200804443,295973.099011959,238159.610176823,360062.643690255
15214,2012,404.822347413307,28.5676780895326,133470,348.830219474707,460.814475351907,163881.132965221,121682.522018773,212349.980693854
15215,2012,505.18856888915,28.5695928566334,133470,449.19268804196,561.184449736339,255215.490136267,201774.070990362,314927.986625878
15216,2012,466.254650374528,28.5540062301719,133470,410.28931903088,522.219981718176,217393.398995873,168337.325310823,272713.709305732
15217,2012,583.545989876746,28.554801491678,133470,527.579099835052,639.512879918439,340525.922301231,278339.706582764,408976.723581576
15218,2012,466.413002170278,28.5653651733565,133470,410.425407505192,522.400596835364,217541.088593492,168449.015125803,272902.383573945
15219,2012,432.5095133615,28.6036765222089,133470,376.44682915152,488.572197571481,187064.479148202,141712.215178233,238702.792239826
15220,2012,426.849692505453,28.5614457114078,133470,370.86977991429,482.829605096616,182200.659992,137544.393653674,233124.427557755
15221,2012,402.805726964002,28.5427106761326,133470,346.862534700223,458.748919227781,162252.453674998,120313.617978664,210450.570892657
15222,2012,558.939487862779,28.9596168528271,133470,502.179167097667,615.699808627891,312413.351092306,252183.915866907,379086.254344422
15223,2012,443.784664340608,28.612342967531,133470,387.704994055885,499.864334625332,196944.828303906,150315.162415874,249864.353030425
15224,2012,531.396489223735,28.6120090473799,133470,475.317473416416,587.475505031053,282382.228759311,225926.700534966,345127.469011491
15226,2012,439.771483494789,28.5635224709113,133470,383.787500492882,495.755466496696,193398.957695207,147292.845534574,245773.482561356
15227,2012,421.521603237845,28.5383331855639,133470,365.586990775729,477.456215699961,177680.461996203,133653.847824453,227964.437910528
15228,2012,521.851867971488,28.5619383022589,133470,465.870989911242,577.832746031734,272329.372105331,217035.779240881,333890.682386574
15229,2012,467.759989217633,28.5614478840125,133470,411.780072368205,523.739906067062,218799.40751288,169562.827999564,274303.489207135
15232,2012,630.989273330508,28.6294540738817,133470,574.876065589469,687.102481071546,398147.463058162,330482.490787628,472109.819494675
15233,2012,462.514803837754,28.8643889746494,133470,405.941127976772,519.088479698735,213919.943769076,164788.199383054,269452.849755944
15234,2012,446.808810070658,28.5598986526329,133470,390.831929686473,502.785690454844,199638.112756758,152749.597262452,252793.450526154
15235,2012,366.413852387819,28.5272900810925,133470,310.500884209024,422.326820566613,134259.111221682,96410.7990945857,178359.943369904
15236,2012,438.226360800502,28.5334980517038,133470,382.301225112551,494.151496488452,192042.343300451,146154.226722558,244185.701481776
15237,2012,460.691819849449,28.5185608217489,133470,404.795960859734,516.587678839165,212236.952876198,163859.769928355,266862.829928437
15238,2012,494.424822989329,28.5348401273465,133470,438.497056857601,550.352589121058,244455.905588029,192279.668872778,302887.972352252
15239,2012,414.417506999574,28.5561380458146,133470,358.447997336154,470.387016662994,171741.870107742,128484.966794299,221263.945445112
15241,2012,459.395367939911,28.546680747609,133470,403.444394408458,515.346341471363,211044.104084646,162767.379379608,265581.851667919
15243,2012,488.557888040451,28.5638203603706,133470,432.573321180638,544.542454900264,238688.809966546,187119.678197247,296526.485188807
15201,2013,549.133548056215,28.5699836094505,133470,493.136901340632,605.130194771798,301547.653600807,243184.00346384,366182.552624554
15202,2013,447.849750700989,28.5448890953357,133470,391.90228877531,503.797212626668,200569.399202938,153587.403947327,253811.631450401
15203,2013,535.197101982657,28.5942105230356,133470,479.152970958382,591.241233006932,286435.937970635,229587.569578244,349566.195607558
15204,2013,374.603015297333,28.588687811506,133470,318.569708686913,430.636321907752,140327.419069854,101486.659292865,185447.641746237
15205,2013,435.138053620636,28.5422768362275,133470,379.195711675158,491.080395566115,189345.125708756,143789.387752829,241159.954909372
15206,2013,514.976459364658,28.5541966178377,133470,459.010754864658,570.942163864658,265200.753699759,210690.873081423,325974.954478458
15207,2013,430.577814496421,28.5730666174223,133470,374.575125141452,486.58050385139,185397.254336514,140306.524374734,236760.586728272
15208,2013,497.003669655139,28.6238031849045,133470,440.901537553415,553.105801756863,247012.647650675,194394.165816966,305926.027937102
15209,2013,447.365166611102,28.565961118064,133470,391.37640390526,503.353929316943,200135.592296979,153175.489533813,253365.178158807
15210,2013,377.524220883581,28.5433583201135,133470,321.579759249414,433.468682517749,142524.537353755,103413.541558911,187895.098723673
15211,2013,490.494304547499,28.5784655618045,133470,434.481033360025,546.507575734972,240584.662793535,188773.768349596,298670.530335717
15212,2013,434.669573638316,28.543240903244,133470,378.725342139071,490.613805137561,188937.638246916,143432.884778357,240701.905791557
15213,2013,547.157481994088,28.5747866167351,133470,491.151421471841,603.163542516335,299381.310102111,241229.71881381,363806.259020855
15214,2013,407.945732119405,28.5611541977416,133470,351.96639088971,463.9250733491,166419.720354437,123880.340315928,215226.473681968
15215,2013,508.311953595247,28.56399451262,133470,452.327045400202,564.296861790292,258381.042167816,204599.756000476,318430.948226372
15216,2013,469.378035080625,28.5479297837173,133470,413.424613461185,525.331456700066,220315.739816149,170919.91101553,275973.139398613
15217,2013,586.669374582843,28.5485695585948,133470,530.714699016313,642.624050149373,344180.955073424,281658.091751976,412965.669830383
15218,2013,469.536386876375,28.5594087937849,133470,413.560466606597,525.512307146154,220464.418600921,171032.259539866,276163.184962074
15219,2013,435.632898067598,28.5964786586952,133470,379.584321538804,491.681474596391,189776.021878774,144084.257158074,241750.672461282
15220,2013,429.97307721155,28.5552242734137,133470,374.005358525367,485.940795897734,184876.84712677,139880.008205689,236138.457117723
15221,2013,405.929111670099,28.5364084129265,133470,349.998271727242,461.859951612957,164778.443701276,122498.790212056,213314.614903923
15222,2013,562.062872568877,28.9540748439808,133470,505.313414040009,618.812331097744,315914.672720377,255341.646408769,382928.701118624
15223,2013,446.908049046706,28.6070270442221,133470,390.838797874698,502.977300218714,199726.804302733,152754.965924139,252986.164535306
15224,2013,534.519873929832,28.6055825503227,133470,478.453453939517,590.586293920147,285711.495625963,228917.707586654,348792.170566334
15226,2013,442.894868200886,28.5569553929573,133470,386.923756551976,498.865979849797,196155.86427868,149709.993384293,248867.265851498
15227,2013,424.644987943942,28.5318123365036,133470,368.723156227034,480.56681966085,180323.365785911,135956.765938026,230944.468158944
15228,2013,524.975252677585,28.556174239504,133470,469.005672075194,580.944833279976,275599.015923894,219966.320438704,337496.8993147
15229,2013,470.883373923731,28.5550919989691,133470,414.915914493046,526.850833354415,221731.151837796,172155.216099601,277571.800606242
15232,2013,634.112658036605,28.6228227220025,133470,578.012447624284,690.212868448926,402098.863082248,334098.389608616,476393.803772495
15233,2013,465.638188543851,28.8592774399647,133470,409.074531197609,522.201845890092,216818.922630399,167341.972074544,272694.76785102
15234,2013,449.932194776756,28.5544205591628,133470,393.966051355844,505.898338197668,202438.979896628,155209.249620915,255933.128591162
15235,2013,369.537237093916,28.520955404108,133470,313.636684766457,425.437789421375,136557.769599005,98367.9700312939,180997.312667746
15236,2013,441.349745506599,28.5274164677261,133470,385.436529612308,497.26296140089,194789.59785874,148561.318359579,247270.452781183
15237,2013,463.815204555547,28.5120007022968,133470,407.932203280291,519.698205830803,215124.543976904,166408.682473112,270086.225143755
15238,2013,497.548207695426,28.5296355776738,133470,441.630642386118,553.465773004735,247554.218980931,195037.624294375,306324.361887729
15239,2013,417.540891705671,28.5502706178015,133470,361.582882094126,473.498901317217,174340.396246367,130742.180623495,224201.209548611
15241,2013,462.518752646008,28.5409625111083,133470,406.578986753788,518.458518538228,213923.596549219,165306.472469737,268799.235444854
15243,2013,491.681272746548,28.557908656333,133470,435.708292718811,547.654252774286,241750.473969666,189841.716343941,299925.180581762
15201,2014,559.643731863536,28.5662462836035,133470,503.654410238439,615.633053488633,313201.106614145,253667.76495263,379004.056547738
15202,2014,458.359934508311,28.5406801068213,133470,402.420722123341,514.29914689328,210093.829562463,161942.437594272,264503.612495155
15203,2014,545.707285789979,28.5899284429186,133470,489.671547564622,601.743024015336,297796.441764265,239778.224494331,362094.666951121
15204,2014,385.113199104654,28.5842782550166,133470,329.088535144517,441.137863064791,148312.176124621,108299.263963564,194602.61422937
15205,2014,445.648237427957,28.5382952003638,133470,389.713699416141,501.582775439774,198602.351522645,151876.767512614,251585.280617867
15206,2014,525.486643171979,28.5504412494628,133470,469.528299125491,581.444987218468,276136.212152155,220456.823679676,338078.273161485
15207,2014,441.087998303742,28.569082023859,133470,385.093118679472,497.082877928012,194558.622247602,148296.710054282,247091.387529195
15208,2014,507.513853462461,28.6200448085497,133470,451.419087709834,563.608619215087,257570.311456316,203779.192748779,317654.675653537
15209,2014,457.875350418423,28.5618863079802,133470,401.894574266015,513.856126570831,209649.836520794,161519.248824462,264048.118814378
15210,2014,388.034404690903,28.5397934577064,133470,332.096930122025,443.971879259781,150570.699223823,110288.370996473,197111.029573461
15211,2014,501.00448835482,28.5744249927999,133470,444.99913660889,557.009840100751,251005.497351675,198024.231582658,310259.961969064
15212,2014,445.179757445638,28.5391783184126,133470,389.243488538554,501.116026352721,198185.016439357,151510.493369664,251117.271867541
15213,2014,557.667665801409,28.5710209329822,133470,501.668985950627,613.666345652192,310993.225480392,251671.77146473,376586.383786116
15214,2014,418.455915926726,28.5573369432478,133470,362.484056446206,474.427775407246,175105.353574075,131394.691177696,225081.714077868
15215,2014,518.822137402568,28.5598119723977,133470,462.845426910063,574.798847895074,269176.410258969,214225.889211558,330393.715541504
15216,2014,479.888218887947,28.5437830995034,133470,423.942924693924,535.833513081969,230292.702627446,179727.603398038,287117.553741765
15217,2014,597.179558390164,28.544552857236,133470,541.232755485027,653.126361295302,356623.424959072,292932.895609915,426574.043818841
15218,2014,480.046570683697,28.5554625774734,133470,424.078384925904,536.01475644149,230444.710025177,179842.476561363,287311.81912303
15219,2014,446.143081874919,28.5931236271627,133470,390.101081146729,502.18508260311,199043.649504851,152178.853511846,252189.857189092
15220,2014,440.483261018872,28.5508190807668,133470,384.52417642992,496.442345607824,194025.50323782,147858.842259108,246455.002512598
15221,2014,416.439295477421,28.5322241236788,133470,360.516656665161,472.36193428968,173421.686817731,129972.259733026,223125.796965888
15222,2014,572.573056376198,28.9506503900759,133470,515.830309714517,629.315803037879,327839.904887981,266080.908420174,396038.37995321
15223,2014,457.418232854027,28.60265224793,133470,401.357556202949,513.478909505105,209231.439747301,161087.887921203,263660.590506552
15224,2014,545.030057737153,28.6021141348053,133470,488.970435777983,601.089679696323,297057.763836965,239092.087064911,361308.803037429
15226,2014,453.405052008207,28.5527714529068,133470,397.442140805475,509.36796321094,205576.141186565,157960.255288039,259455.721945662
15227,2014,435.155171751263,28.5275580758992,133470,379.241678307536,491.068665194991,189360.023501872,143824.250565517,241148.43393639
15228,2014,535.485436484907,28.5521083708909,133470,479.52382491083,591.447048058984,286744.652687431,229943.098657112,349809.610657686
15229,2014,481.393557731052,28.5506377848716,133470,425.434828478747,537.352286983357,231739.75742496,180994.793282741,288747.480326244
15232,2014,644.622841843926,28.6194255491666,133470,588.529289828394,700.716393859459,415538.60822694,346366.724985914,491003.464623404
15233,2014,476.148372351172,28.855224064126,133470,419.592659547635,532.70408515471,226717.27249267,176057.999946257,283773.642340516
15234,2014,460.442378584077,28.550142152281,133470,404.484620762609,516.400136405545,212007.183996163,163607.808433471,266669.100879666
15235,2014,380.047420901237,28.5165933020312,133470,324.155418214278,435.939423588197,144436.042133682,105076.735157673,190043.181038409
15236,2014,451.85992931392,28.5233826509163,133470,395.954619626994,507.765239000847,204177.395719581,156780.060803957,257825.537937587
15237,2014,474.325388362868,28.5076088801084,133470,418.450994978988,530.199781746748,224984.574045586,175101.235198905,281111.8085643
15238,2014,508.058391502748,28.525482492619,133470,452.148966164388,563.967816841107,258123.329176359,204438.687603525,318059.698432525
15239,2014,428.051075512993,28.5462729552524,133470,372.10090124712,484.001249778865,183227.72324783,138459.080708919,234257.209787503
15241,2014,473.028936453329,28.5365489867218,133470,417.097820988397,528.960051918261,223756.374722168,173970.592273269,279798.73652537
15243,2014,502.19145655387,28.5535797546876,133470,446.226961094391,558.155952013348,252196.259035697,199118.500807536,311538.066767927
15201,2015,570.431655213823,28.5664845007135,133470,514.441866687536,626.421443740111,325392.273269982,264650.434200957,392403.825177445
15202,2015,469.147857858598,28.541088576755,133470,413.20784488001,525.087870837186,220099.712533311,170740.723070382,275717.27210033
15203,2015,556.495209140266,28.5905551517218,133470,500.458242577087,612.532175703445,309686.917796068,250458.452563346,375195.666271996
15204,2015,395.901122454941,28.5848529316263,133470,339.875332139132,451.926912770751,156737.698761083,115515.241396686,204237.934486502
15205,2015,456.436160778245,28.5385825972595,133470,400.501059473755,512.371262082735,208333.968865984,160401.0986396,262524.310208254
15206,2015,536.274566522267,28.5508395696117,133470,480.315441775552,592.233691268982,287590.410698645,230702.923608044,350740.745074083
15207,2015,451.87592165403,28.5690412523108,133470,395.88112194125,507.870721366809,204191.848570679,156721.862709463,257932.669621643
15208,2015,518.301776812748,28.6204397667054,133470,462.206236949341,574.397316676155,268636.731847252,213634.60547487,329932.277404767
15209,2015,468.663273768711,28.5622080283715,133470,412.681867050204,524.644680487217,219645.264179605,170306.323392043,275252.040763534
15210,2015,398.82232804119,28.5402202936005,133470,342.884016881746,454.760639200634,159059.249344195,117569.449032962,206807.23896617
15211,2015,511.792411705108,28.5751894886818,133470,455.785561561194,567.799261849021,261931.47267893,207740.478127653,322396.001756293
15212,2015,455.967680795925,28.5396928541481,133470,400.030403408186,511.904958183663,207906.525930415,160024.323650916,262046.686213018
15213,2015,568.455589151697,28.5711059678913,133470,512.456742634043,624.45443566935,323141.756837803,262611.913071094,389943.342227127
15214,2015,429.243839277013,28.5579549362243,133470,373.270768541533,485.216910012494,184250.273557271,139331.066647587,235435.449762073
15215,2015,529.610060752856,28.5599791642135,133470,473.633022567441,585.58709893827,280486.816450643,224328.24006637,342912.250442939
15216,2015,490.676142238234,28.5441738931049,133470,434.730082095881,546.622202380587,240763.076561796,188990.244279091,298795.832135404
15217,2015,607.967481740452,28.5452459787436,133470,552.019320329803,663.9156431511,369624.458853827,304725.330017378,440783.981220739
15218,2015,490.834494033984,28.5558558290155,133470,434.865537510342,546.803450557626,240918.500533597,189108.035714159,298994.013541726
15219,2015,456.931005225206,28.5934865204925,133470,400.888293232709,512.973717217704,208785.943536118,160711.423651035,263142.034556149
15220,2015,451.271184369159,28.5515539990072,133470,395.310659353862,507.231709384457,203645.681841944,156270.517398785,257284.007005078
15221,2015,427.227218827708,28.5324712977877,133470,371.304095558704,483.150342096712,182523.096507259,137866.731378667,233434.25306817
15222,2015,583.360979726485,28.9503552440328,133470,526.618811545665,640.103147907306,340310.032667445,277327.372673768,409732.039960842
15223,2015,468.206156204314,28.6031245495086,133470,412.144553850757,524.267758557871,219217.004707619,169863.13326884,274856.682663295
15224,2015,555.817981087441,28.6023042059737,133470,499.757986592248,611.877975582634,308933.628100119,249758.045162738,374394.657003102
15226,2015,464.192975358495,28.5530305689347,133470,408.229556293074,520.156394423916,215475.118372172,166651.37063124,270562.674660088
15227,2015,445.943095101551,28.5279290169078,133470,390.028874620213,501.857315582888,198865.244068751,152122.52303751,251860.765204063
15228,2015,546.273359835194,28.5525415247388,133470,490.310899287477,602.235820382912,298414.583665631,240404.777960094,362687.983352279
15229,2015,492.181481081339,28.5511920449027,133470,436.221665489484,548.141296673195,242242.610319421,190289.341442419,300458.881118571
15232,2015,655.410765194214,28.6197305387147,133470,599.316615404731,711.504914983697,429563.271132465,359180.405500182,506239.244045958
15233,2015,486.93629570146,28.8561571486427,133470,430.37875406929,543.493837333629,237106.956071459,185225.871954235,295385.551219633
15234,2015,471.230301934365,28.5503982954605,133470,415.272042076937,527.188561791792,222057.997461152,172450.868930749,277927.779684098
15235,2015,390.835344251525,28.5173226665061,133470,334.941912023499,446.72877647955,152752.266316208,112186.084429957,199566.599734916
15236,2015,462.647852664208,28.523726996438,133470,406.74186806634,518.553837262075,214043.035574802,165438.947238096,268898.082139223
15237,2015,485.113311713155,28.5080665656003,133470,429.23802127406,540.988602152251,235334.925201305,184245.27890727,292668.667658646
15238,2015,518.846314853035,28.5258033197783,133470,462.936260699295,574.756369006775,269201.498436575,214309.981470246,330344.883713852
15239,2015,438.83899886328,28.5466650577634,133470,382.888056083639,494.789941642921,192579.666923326,146603.263491508,244817.086351006
15241,2015,483.816859803617,28.5369260753147,133470,427.885005251921,539.748714355312,234078.753830233,183085.577719437,291328.674648212
15243,2015,512.979379904157,28.5542476810813,133470,457.013575321131,568.945184487183,263147.844206854,208861.408027803,323698.622951155
15201,2016,575.149680917918,28.5677913432817,133470,519.157331004036,631.1420308318,330797.155459983,269524.334335234,398340.263082489
15202,2016,473.865883562692,28.5416644608374,133470,417.924741861808,529.807025263577,224548.875604651,174661.089860259,280695.484018641
15203,2016,561.21323484436,28.5914577473889,133470,505.174499210138,617.251970478583,314960.294964471,255201.274652214,380999.995059693
15204,2016,400.619148159036,28.5858804121257,133470,344.591344000191,456.646952317881,160495.701871671,118743.194359858,208526.439061209
15205,2016,461.154186482339,28.539721853452,133470,405.216852256494,517.091520708184,212663.183710188,164200.697352661,267383.640788303
15206,2016,540.992592226361,28.5517763756836,133470,485.031631356834,596.953553095888,292672.984843798,235255.683416672,356353.544553805
15207,2016,456.593947358124,28.5700933990908,133470,400.597085456849,512.590809259399,208478.032764073,160478.024876522,262749.337737206
15208,2016,523.019802516842,28.6215039948404,133470,466.922176785703,579.117428247981,273549.713824757,218016.3191743,335376.995700556
15209,2016,473.381299472805,28.5631199294743,133470,417.398105444772,529.364493500839,224089.854690562,174221.178428885,280226.766979399
15210,2016,403.540353745285,28.5409633066433,133470,347.60058629383,459.480121196739,162844.817100869,120826.167591814,211121.98177497
15211,2016,516.510437409202,28.5760951760477,133470,460.501812134573,572.519062683831,266783.031952645,212061.918979225,327778.077136373
15212,2016,460.685706500019,28.5407681329393,133470,404.746321585465,516.625091414574,212231.320173422,163819.584836964,266901.485079117
15213,2016,573.173614855791,28.5721990539395,133470,517.172625909423,629.174603802159,328527.992766855,267467.524990048,395860.682069604
15214,2016,433.961864981108,28.5586930908308,133470,377.987347476064,489.936382486152,188322.900257881,142874.43485199,240037.658883617
15215,2016,534.32808645695,28.5613099271567,133470,478.348440000442,590.307732913458,285506.503976746,228817.230050857,348463.219537426
15216,2016,495.394167942328,28.5451404001115,133470,439.446213463873,551.342122420784,245415.381631272,193112.974527736,303978.135955455
15217,2016,612.685507444546,28.5463674479578,133470,556.735147974695,668.635866914397,375383.531032581,309954.024990405,447073.922524368
15218,2016,495.552519738078,28.5567647502612,133470,439.581781745375,551.523257730782,245572.299818759,193232.142842438,304177.903817975
15219,2016,461.649030929301,28.5943988712047,133470,405.60453074605,517.693531112551,213119.827757963,164515.035361724,268006.592155782
15220,2016,455.989210073254,28.5527117185765,133470,400.026415948719,511.952004197789,207926.15970323,160021.133456777,262094.854602132
15221,2016,431.945244531803,28.5333711853261,133470,376.020357499638,487.870131563967,186576.694273639,141391.309254156,238017.265272242
15222,2016,588.07900543058,28.9517018531533,133470,531.334197920447,644.823812940712,345836.91662822,282316.029879765,415797.749735399
15223,2016,472.924181908409,28.6036255264644,133470,416.861597649157,528.986766167661,223657.281833738,173773.591594608,279826.998780519
15224,2016,560.536006791535,28.6035328838265,133470,504.473604110164,616.598409472906,314200.6149098,254493.617243898,380193.598564518
15226,2016,468.911001062589,28.5540018488245,133470,412.945678306302,524.876323818876,219877.52691752,170524.133231852,275495.155305618
15227,2016,450.661120805645,28.5289130138485,133470,394.744971708254,506.577269903037,203095.4458058,155823.59268895,256620.530382414
15228,2016,550.991385539288,28.5539662349681,133470,495.02613258551,606.956638493066,303591.506938505,245050.871942567,368396.361010803
15229,2016,496.899506785434,28.552042602562,133470,440.938024116082,552.860989454786,246909.119843607,194426.341111394,305655.273660925
15232,2016,660.128790898308,28.6210224676083,133470,604.032108951761,716.225472844856,435770.020572862,364854.788644711,512978.927951838
15233,2016,491.654321405554,28.8572633463587,133470,435.09461164604,548.214031165068,241723.971756756,189307.321083418,300538.623966254
15234,2016,475.948327638459,28.551566951904,133470,419.98777723572,531.908878041198,226526.810581846,176389.733027401,282927.054539046
15235,2016,395.553369955619,28.5180882064898,133470,339.65843728319,451.448302628048,156462.468483247,115367.854017659,203805.569945746
15236,2016,467.365878368302,28.5247595965648,133470,411.457869893022,523.273886843582,218430.864262974,169297.578696903,273815.56065239
15237,2016,489.83133741725,28.5093096106459,133470,433.95361063254,545.70906420196,239934.739115972,188315.736181018,297798.382752178
15238,2016,523.564340557129,28.5268426661547,133470,467.652249303451,579.476431810807,274119.618703022,218698.626278577,335792.935024185
15239,2016,443.557024567374,28.5474312655683,133470,387.604580034412,499.509469100337,196742.834043062,150237.310463653,249509.7097209
15241,2016,488.534885507711,28.5384969402658,133470,432.599952089366,544.469818926056,238666.334358032,187142.718547722,296447.383721372
15243,2016,517.697405608252,28.5550565876008,133470,461.730015583203,573.6647956333,268010.603773515,213194.607290465,329091.297748996
15201,2017,583.899204947086,28.5660211910441,133470,527.910324499299,639.888085394873,340938.281537839,278689.310712955,409456.761830316
15202,2017,482.615407591861,28.5398778873958,133470,426.677767542332,538.55304764139,232917.631645058,182053.917314908,290039.385123829
15203,2017,569.962758873529,28.5898365936644,133470,513.927200671034,625.998317076023,324857.546502724,264121.167589566,391873.892982013
15204,2017,409.368672188204,28.5839486178281,133470,353.344654310944,465.392690065465,167582.709769133,124852.44473012,216590.35596637
15205,2017,469.903710511508,28.5373586907853,133470,413.971008041381,525.836412981634,220809.497152483,171371.995498797,276503.933217391
15206,2017,549.74211625553,28.5499086364708,133470,493.78481612079,605.69941639027,302216.394385108,243823.444631442,366871.783015513
15207,2017,465.343471387292,28.5681469947963,133470,409.350424402929,521.336518371655,216544.546362776,167567.769958858,271791.765387879
15208,2017,531.769326546011,28.6190269987504,133470,475.676555682024,587.862097409997,282778.616655198,226268.185625514,345581.845571281
15209,2017,482.130823501973,28.5609995557489,133470,426.151785367763,538.109861636184,232450.130970691,181605.344172132,289562.223190113
15210,2017,412.289877774453,28.5387849724923,133470,356.354379818198,468.225375730707,169982.943315273,126988.444015613,219235.002478162
15211,2017,525.25996143837,28.5740033218906,133470,469.25543615973,581.26448671701,275898.027090238,220200.664365459,337868.40351839
15212,2017,469.435230529188,28.5384919606481,133470,413.500306870803,525.370154187572,220369.435661992,170982.503782248,276013.798911074
15213,2017,581.923138884959,28.5703132884985,133470,525.925846004456,637.920431765463,338634.539569724,276597.995495503,406942.477263835
15214,2017,442.711389010276,28.5564803732899,133470,386.741208391249,498.681569629303,195993.373959408,149568.762267923,248683.307887946
15215,2017,543.077610486118,28.5591668659807,133470,487.102164390423,599.053056581814,294933.291011312,237268.518553834,358864.564600014
15216,2017,504.143691971497,28.5433107470201,133470,448.199323579725,560.088060363269,254160.862154651,200882.633657323,313698.635361489
15217,2017,621.435031473714,28.5441964595719,133470,565.488927101498,677.381135845931,386181.498342736,319777.726674403,458845.203199924
15218,2017,504.302043767247,28.5546624898767,133470,448.335426166548,560.268661367945,254320.551347822,201004.654355941,313900.972911029
15219,2017,470.398554958469,28.591772428297,133470,414.359202555407,526.437907361531,221274.800507016,171693.548742353,277136.870307188
15220,2017,464.738734102422,28.550615838917,133470,408.780047863788,520.697420341056,215982.090975122,167101.127531521,271125.803549831
15221,2017,440.694768560971,28.5313355995289,133470,384.773871239837,496.615665882105,194211.879037008,148050.931988891,246627.119599526
15222,2017,596.828529459748,28.9500134440642,133470,540.087031200631,653.570027718865,356204.293577085,291694.001271111,427153.781132438
15223,2017,481.673705937577,28.6016082510513,133470,425.615075501337,537.732336373817,232009.558991639,181148.192494009,289156.065582044
15224,2017,569.285530820703,28.6014334488366,133470,513.227242993615,625.343818647792,324086.01560181,263402.202950828,391054.891521002
15226,2017,477.660525091758,28.5518601187095,133470,421.699400087428,533.621650096088,228159.577230934,177830.384034096,284752.065451271
15227,2017,459.410644834814,28.5268906587539,133470,403.498459516516,515.322830153111,211058.140587539,162811.006832202,265557.619277012
15228,2017,559.740909568457,28.5518249308829,133470,503.779853531625,615.701965605288,313309.885844523,253794.140824345,379088.910450216
15229,2017,505.649030814602,28.5505529108226,133470,449.690467913885,561.607593715319,255680.942363746,202221.516932609,315403.089318711
15232,2017,668.878314927477,28.619123428643,133470,612.78535506266,724.971274792294,447398.200180221,375505.89137927,525583.349273963
15233,2017,500.403845434722,28.854727316689,133470,443.8491062471,556.958584622344,250404.008525857,197002.029116349,310202.864984525
15234,2017,484.697851667627,28.5493418639085,133470,428.74166239677,540.654040938484,234932.007411213,183819.413074746,292306.791983112
15235,2017,404.302893984787,28.5157631625736,133470,348.412518356022,460.193269613553,163460.830084474,121391.282947185,211777.845397612
15236,2017,476.11540239747,28.5227564241187,133470,420.211320103644,532.019484691297,226685.876400105,176577.553543247,283044.732091193
15237,2017,498.580861446418,28.507276658211,133470,442.707119211397,554.45460368144,248582.875400652,195989.593400454,307419.907543542
15238,2017,532.313864586298,28.5250630052767,133470,476.405261435477,588.222467737119,283358.050430799,226961.973123405,346005.671550746
15239,2017,452.306548596543,28.545392925056,133470,396.358099173802,508.254998019283,204581.213903317,157099.74278067,258323.143011582
15241,2017,497.284409536879,28.5362906097784,133470,441.353800486043,553.215018587715,247291.783968443,194793.177203474,306046.856791006
15243,2017,526.44692963742,28.5534279984351,133470,470.482731617428,582.411127657412,277146.369724667,221354.000750197,339202.721619178
15201,2018,597.547768308044,28.5679322278575,133470,541.555142262963,653.540394353125,357063.335409923,293281.972111458,427115.047051238
15202,2018,496.263970952818,28.5414704659056,133470,440.323209478461,552.204732427175,246277.92886586,193884.528805413,304930.066514968
15203,2018,583.611322234486,28.5913485175968,133470,527.572800688664,639.649843780308,340602.175440285,278333.060026481,409151.922648173
15204,2018,423.017235549162,28.5856379881925,133470,366.989906536803,479.04456456152,178943.581571655,134681.591499892,229483.694835936
15205,2018,483.552273872465,28.5391765361467,133470,427.616008458591,539.488539286339,233822.801567231,182855.450690058,291047.884021308
15206,2018,563.390679616487,28.5518119104933,133470,507.429649099381,619.351710133593,317409.057878727,257484.848785121,383596.540845406
15207,2018,478.99203474825,28.5702409901962,133470,422.9948835711,534.989185925399,229433.369352268,178924.671527329,286213.429057121
15208,2018,545.417889906968,28.6212935969377,133470,489.320676551881,601.515103262056,297480.67463057,239434.72450119,361820.419452361
15209,2018,495.779386862931,28.5627803333158,133470,439.796858437174,551.761915288688,245797.200438184,193421.276691207,304441.211163042
15210,2018,425.93844113541,28.540451464356,133470,369.999676885502,481.877205385318,181423.555636863,136899.760895376,232205.641069964
15211,2018,538.908524799328,28.5759748408091,133470,482.900135379571,594.916914219085,290422.398101388,233192.540749608,353926.134823958
15212,2018,483.083793890145,28.5404713227651,133470,427.144990718118,539.022597062173,233369.951919296,182452.843095581,290545.360143649
15213,2018,595.571702245917,28.5722518903849,133470,539.570609741079,651.572794750755,354705.652516099,291136.44289636,424547.106859309
15214,2018,456.359952371234,28.5585362824407,133470,400.385742207774,512.334162534694,208264.406128275,160308.74256327,262486.294100126
15215,2018,556.726173847076,28.5608298318444,133470,500.747468368622,612.704879325529,309944.032646404,250748.027077584,375407.269149311
15216,2018,517.792255332454,28.5448019809479,133470,461.844964149386,573.739546515522,268108.819682269,213300.770910148,329177.067235837
15217,2018,635.083594834672,28.5462108476338,133470,579.133542298599,691.033647370745,403331.17242813,335395.659815323,477527.501798515
15218,2018,517.950607128204,28.556615348076,133470,461.980161961058,573.92105229535,268272.831424475,213425.670045566,329385.374267802
15219,2018,484.047118319427,28.5940399047898,133470,428.003321703801,540.090914935052,234301.612753341,183186.843389487,291698.196395382
15220,2018,478.387297463379,28.552117982255,133470,422.425667051204,534.348927875555,228854.406374316,178443.444183655,285528.776721755
15221,2018,454.343331921928,28.5330651636572,133470,398.419044686653,510.267619157204,206427.86326192,158737.735169025,260373.043160361
15222,2018,610.477092820705,28.9522102251789,133470,553.731288910676,667.222896730735,372682.28085882,306618.340318679,445186.393921753
15223,2018,495.322269298535,28.6037376439646,133470,439.259465291028,551.385073306041,245344.15046305,192948.87784776,304025.499064709
15224,2018,582.934094181661,28.6032221490016,133470,526.872300534878,638.995887828444,339812.158159394,277594.421070915,408315.744661661
15226,2018,491.309088452715,28.5536410374802,133470,435.344472880081,547.273704025349,241384.620396238,189524.810067236,299508.507117625
15227,2018,473.059208195771,28.5285763502599,133470,417.143718952872,528.974697438671,223785.01445881,174008.882261832,279814.230530333
15228,2018,573.389472929414,28.553547775698,133470,517.425040148172,629.353905710656,328775.487666271,267728.672172337,396086.338633258
15229,2018,519.29759417556,28.552176625304,133470,463.335848824078,575.259339527041,269669.991316524,214680.108805529,330923.307713088
15232,2018,682.526878288434,28.6210822777292,133470,626.43007911514,738.623677461728,465842.939586155,392414.644020201,545564.936907086
15233,2018,514.05240879568,28.857042566709,133470,457.493131760252,570.611685831108,264249.878988641,209299.965607803,325597.696007019
15234,2018,498.346415028585,28.5511270360655,133470,442.386726852864,554.306103204305,248349.149371842,195706.016095591,307255.256049542
15235,2018,417.951457345745,28.5174809452962,133470,362.057714894178,473.845199797312,174683.420697432,131085.788914394,224529.273370954
15236,2018,489.763965758428,28.5243405350957,133470,433.856778635983,545.671152880873,239868.742155422,188231.704368392,297757.007086341
15237,2018,512.229424807376,28.5089057984448,133470,456.352489487214,568.106360127537,262378.983638495,208257.594661178,322744.836417359
15238,2018,545.962427947255,28.526539892475,133470,490.050930124466,601.873925770044,298074.972730062,240149.914115855,362252.222521845
15239,2018,465.9551119575,28.5470082283423,133470,410.003496569784,521.906727345216,217114.166359327,168102.867199449,272386.632048194
15241,2018,510.932972897837,28.5377127132204,133470,454.999576550196,566.866369245478,261052.502794222,207024.614660858,321337.480581551
15243,2018,540.095492998377,28.5550358891031,133470,484.128143542007,596.062842454748,291703.14155716,234380.05936943,355290.912155234
15201,2019,602.049854454551,28.5630890275718,133470,546.066720993683,658.03298791542,362464.027248747,298188.863776793,433007.413184895
15202,2019,500.766057099326,28.5368354530149,133470,444.834380165685,556.697734032967,250766.643942805,197877.625777389,309912.36707744
15203,2019,588.113408380994,28.5868284805947,133470,532.083746025244,644.143070736744,345877.38111751,283113.112784256,414920.295578162
15204,2019,427.519321695669,28.5801518832625,133470,371.502745348899,483.535898042439,182772.770423125,138014.289801769,233806.964695708
15205,2019,488.054360018973,28.5343970486463,133470,432.127462313414,543.981257724531,238197.058333529,186734.143685431,295915.608755563
15206,2019,567.892765762995,28.5471927467722,133470,511.940788722522,623.844742803468,322502.193405944,262083.371157838,389182.263123525
15207,2019,483.494120894757,28.5651118966401,133470,427.507022647416,539.481219142099,233766.564939794,182762.254412858,291039.985807046
15208,2019,549.919976053476,28.6162809331151,133470,493.832587428042,606.00736467891,302411.980062656,243870.624405875,367244.926045077
15209,2019,500.281473009439,28.558154725792,133470,444.30801069005,556.254935328827,250281.552236494,197409.60836335,309419.553077678
15210,2019,430.440527281918,28.5357376733443,133470,374.511001976407,486.37005258743,185279.047526736,140258.490601372,236555.828053899
15211,2019,543.410610945836,28.5711835357358,133470,487.411612396622,599.409609495049,295295.092088526,237570.079899075,359291.879955008
15212,2019,487.585880036653,28.5356117308514,133470,431.65660157613,543.515158497176,237739.990411117,186327.421684254,295408.72751621
15213,2019,600.073788392425,28.5678182279894,133470,544.081385785006,656.066190999844,360088.551515637,296024.554357732,430422.846973044
15214,2019,460.862038517741,28.5537210852152,133470,404.897266053007,516.826810982476,212393.818546728,163941.7960572,267109.952550316
15215,2019,561.228259993584,28.5564652668979,133470,505.258108982809,617.198411004358,314977.159815425,255285.756692884,380933.878546305
15216,2019,522.294341478962,28.5403458066595,133470,466.355784316212,578.232898641712,272791.379140943,217487.717565189,334353.285071597
15217,2019,639.58568098118,28.5416810825793,133470,583.644506701984,695.526855260375,409069.843316159,340640.910203402,483757.606388387
15218,2019,522.452693274712,28.5517478748167,133470,466.491788266364,578.41359828306,272956.81671,217614.58851995,334562.290678757
15219,2019,488.549204465934,28.5892075722236,133470,432.51487913399,544.583529797879,238680.325184297,187069.12067229,296571.220927118
15220,2019,482.889383609887,28.5473194733935,133470,426.937158187548,538.841609032226,233182.156803137,182275.33704126,290350.279624438
15221,2019,458.845418068436,28.5281093306985,133470,402.930844175358,514.759991961514,210539.117682398,162353.265187867,264977.849324218
15222,2019,614.979178967213,28.9480193873927,133470,558.241589022798,671.716768911629,378199.390563188,311633.671714698,451203.417637078
15223,2019,499.824355445042,28.5986947518998,133470,443.771435413993,555.877275476092,249824.386296052,196933.086889395,308999.545390723
15224,2019,587.436180328169,28.598537971768,133470,531.383567583317,643.48879307302,345081.265958549,282368.495897574,414077.826810572
15226,2019,495.811174599223,28.5491417178961,133470,439.855377610899,551.766971587546,245828.720857461,193472.753213227,304446.790934892
15227,2019,477.561294342279,28.5237964272132,133470,421.655173661358,533.467415023199,228064.789853873,177793.08547539,284587.482891535
15228,2019,577.891559075922,28.5486645534196,133470,521.936697321268,633.846420830576,333958.6540512,272417.916010633,401761.285199731
15229,2019,523.799680322067,28.5472917768053,133470,467.847509184536,579.751851459599,274366.1051055,218881.291850175,336112.209270832
15232,2019,687.028964434942,28.6164548029119,133470,630.941235027878,743.116693842005,472008.797972549,398086.842058504,552222.420666673
15233,2019,518.554494942188,28.8518724065815,133470,462.005351326298,575.103638558077,268898.764224747,213448.944654136,330744.195082739
15234,2019,502.848501175093,28.5465269514762,133470,446.897829081255,558.79917326893,252856.615134037,199717.669637538,312256.51604604
15235,2019,422.453543492253,28.512578461867,133470,366.569409818778,478.337677165727,178466.996409161,134373.132214887,228806.933396303
15236,2019,494.266051904936,28.5197350547742,133470,438.36789143991,550.164212369961,244298.930065692,192166.408245473,302680.66057266
15237,2019,516.731510953883,28.5041983857277,133470,460.863802076777,572.59921983099,267011.454412683,212395.444064663,327869.866551058
15238,2019,550.464514093763,28.5219731377187,133470,494.561967026992,606.367061160534,303011.181276483,244591.539229608,367681.012860463
15239,2019,470.457198104008,28.5420133596745,133470,414.515372567767,526.399023640249,221329.975247874,171822.994094995,277095.932089408
15241,2019,515.435059044345,28.5330946763622,133470,459.510713964706,571.359404123983,265673.300092047,211150.096248354,326451.568680913
15243,2019,544.597579144885,28.5500722125435,133470,488.639958404027,600.555199885744,296586.52321047,238769.008949089,360666.548109806
15201,2020,620.142695529254,28.5667805780679,133470,564.152326696753,676.133064361755,384576.962818289,318267.84771736,457155.920723218
15202,2020,518.858898174029,28.5408853544381,133470,462.919283507475,574.798512840583,269214.556214367,214294.263043074,330393.330363746
15203,2020,606.206249455697,28.5905239749957,133470,550.169343998332,662.243154913062,367486.016879143,302686.307075555,438565.996229206
15204,2020,445.612162770372,28.5843854995739,133470,389.587288612859,501.637036927885,198570.199608889,151778.255448719,251639.716817789
15205,2020,506.147201093676,28.5386119213669,133470,450.21204231447,562.082359872881,256184.989174962,202690.883044967,315936.579280267
15206,2020,585.985606837698,28.5509029049955,133470,530.026357954786,641.944855720609,343379.131420945,280927.940126815,412093.197786154
15207,2020,501.58696196946,28.5687660602297,133470,445.59270162814,557.581222310781,251589.480417753,198552.855744265,310896.819473584
15208,2020,568.012817128179,28.6205539212585,133470,511.91705352393,624.108580732428,322638.56042189,262059.069688622,389511.520543845
15209,2020,518.374314084142,28.562145601057,133470,462.393029722033,574.35559844625,268711.929502204,213807.313935521,329884.35346655
15210,2020,448.533368356621,28.539593465748,133470,392.596285768334,504.470450944908,201182.182529336,154131.843599091,254490.435876559
15211,2020,561.503452020539,28.5755650888997,133470,505.49586570705,617.511038334028,315286.126630981,255526.07024692,381319.882464369
15212,2020,505.678721111356,28.5396772922132,133470,449.741474224726,561.615967997986,255710.968984816,202267.39363783,315412.495510315
15213,2020,618.166629467128,28.5714789499342,133470,562.167051911474,674.166207022781,382129.981786749,316031.794254838,454500.074691484
15214,2020,478.954879592444,28.557748159088,133470,422.982214136379,534.92754504851,229397.776685413,178913.953475714,286147.478451625
15215,2020,579.321101068286,28.5601793012543,133470,523.343670617923,635.29853151865,335612.938142972,273888.597575841,403604.224149753
15216,2020,540.387182553665,28.5440349341398,133470,484.441394768349,596.332970338981,292018.307068288,234683.464965103,355613.011513312
15217,2020,657.678522055883,28.5456571469862,133470,601.729554762979,713.627489348786,432541.03837361,362078.457075253,509264.193554252
15218,2020,540.545534349415,28.5556692656045,133470,484.576943486655,596.514125212175,292189.474705095,234814.814158869,355829.101577646
15219,2020,506.642045540637,28.5934283267562,133470,450.599447606802,562.684643474473,256686.162309601,203039.862183555,316614.008001995
15220,2020,500.98222468459,28.5511960216847,133470,445.022401298314,556.942048070866,250983.189449921,198044.937657318,310184.44490937
15221,2020,476.938259143139,28.5316773447719,133470,421.016692007563,532.859826278715,227470.103034488,177255.054948991,283939.594461783
15222,2020,633.072020041916,28.9517177130245,133470,576.327181446725,689.816858637107,400780.182559952,332153.020074326,475847.298459967
15223,2020,517.917196519745,28.602911540226,133470,461.856011660497,573.978381378994,268238.222450872,213310.975506941,329451.18229045
15224,2020,605.529021402872,28.6024572866613,133470,549.468726872324,661.58931593342,366665.395761119,301915.881810692,437700.42295725
15226,2020,513.904015673926,28.553131486877,133470,457.940398811179,569.867632536672,264097.337325787,209709.408863342,324749.118612952
15227,2020,495.654135416982,28.5275028828,133470,439.740750150722,551.567520683241,245673.021955956,193371.92734312,304226.729872658
15228,2020,595.984400150625,28.5525539855643,133470,540.021915179917,651.946885121333,355197.4052229,291623.668874585,425034.741019409
15229,2020,541.89252139677,28.5510601110158,133470,485.932964392927,597.852078400614,293647.504745749,236130.845883697,357427.107647934
15232,2020,705.121805509645,28.6202103034058,133470,649.026715390119,761.21689562917,497196.760605181,421235.677290086,579451.162191311
15233,2020,536.64733601689,28.8562349023612,133470,480.089641988851,593.20503004493,287990.363254025,230486.064344983,351892.207670606
15234,2020,520.941342249795,28.5502487849897,133470,464.983375430163,576.899309069428,271379.882065018,216209.539426428,332812.812804783
15235,2020,440.546384566956,28.5161837495789,133470,384.655184595331,496.43758453858,194081.116955016,147959.611036069,246450.275342499
15236,2020,512.358892979638,28.5235539649956,133470,456.453247520241,568.264538439035,262511.635215321,208349.567171775,322924.58564733
15237,2020,534.824352028586,28.5080435838421,133470,478.949106633318,590.699597423855,286037.087522797,229392.246744853,348926.014396704
15238,2020,568.557355168466,28.5257546849512,133470,512.6473963381,624.467313998832,323257.466116161,262807.352972233,389959.426252915
15239,2020,488.550039178711,28.5460329700973,133470,432.600335279365,544.499743078057,238681.14078152,187143.050083819,296479.97021207
15241,2020,533.527900119048,28.5368937417936,133470,477.596108940464,589.459691297631,284652.02020544,228098.043275071,347462.727664699
15243,2020,562.690420219588,28.5539231278545,133470,506.725251754966,618.65558868421,316620.509006897,256770.480766134,382734.737410206
15201,2021,645.933359232972,28.5644643470813,133470,589.947530170953,701.919188294991,417229.904569991,348038.088354807,492690.546896698
15202,2021,544.649561877746,28.5382143584099,133470,488.715182314685,600.583941440808,296643.145253621,238842.529424875,360701.070716576
15203,2021,631.996913159414,28.5874534498365,133470,575.966025875351,688.027800443478,399420.098243028,331736.862962645,473382.254183091
15204,2021,471.40282647409,28.5817388530411,133470,415.383139695502,527.422513252677,222220.624807761,172543.152743293,278174.50748577
15205,2021,531.937864797393,28.5357036130232,133470,476.00840624949,587.867323345297,282957.89200521,226584.002820179,345587.989857164
15206,2021,611.776270541415,28.5479706716318,133470,555.822768782408,667.729772300422,374270.205197563,308938.950296942,445863.048816374
15207,2021,527.377625673178,28.5660431547327,133470,471.388702176962,583.366549169394,278127.160060678,222207.308540081,340316.530689807
15208,2021,593.803480831896,28.6176211800184,133470,537.71346534698,649.893496316812,352602.573848076,289135.770815458,422361.55655489
15209,2021,544.164977787859,28.5595188925413,133470,488.188841726526,600.141113849192,296115.523050861,238328.345186287,360169.356532149
15210,2021,474.324032060338,28.5365698117507,133470,418.39287577873,530.255188341947,224983.287389977,175052.598502396,281170.564763554
15211,2021,587.294115724256,28.5725403148622,133470,531.292457912704,643.295773535808,344914.378364336,282271.675834922,413829.452249033
15212,2021,531.469384815073,28.5368949477819,133470,475.537591272774,587.401178357372,282459.706995712,226136.000713512,345040.144335629
15213,2021,643.957293170845,28.5689153012609,133470,587.962740319826,699.951846021864,414680.995427922,345700.184004399,489932.586749415
15214,2021,504.745543296162,28.5546404290045,133470,448.77896893437,560.712117657953,254768.063477337,201402.562957797,314398.078888466
15215,2021,605.111764772004,28.5575752720429,133470,549.139438171393,661.084091372614,366160.247865489,301554.122555194,437032.175865955
15216,2021,566.177846257382,28.5414129216997,133470,510.237197568619,622.118494946145,320557.353592648,260341.997782678,387031.421754057
15217,2021,683.4691857596,28.5426764239363,133470,627.526060629501,739.412310889699,467130.127882891,393788.95676918,546730.565495245
15218,2021,566.336198053132,28.5528664514208,133470,510.373100655045,622.29929545122,320736.689225277,260480.701872245,387256.413119084
15219,2021,532.432709244355,28.5905485550622,133470,476.395755610508,588.469662878201,283484.589873284,226952.915963707,346296.544127984
15220,2021,526.772888388307,28.5485155363181,133470,470.818318704455,582.72745807216,277489.67594096,221669.889227689,339571.290391241
15221,2021,502.728922846857,28.5288893647641,133470,446.812820101239,558.645025592474,252736.369866761,199641.696206822,312084.264619216
15222,2021,658.862683745633,28.9482976961546,133470,602.124548321121,715.600819170146,434100.036032499,362553.971690914,512084.532396983
15223,2021,543.707860223463,28.6002764480851,133470,487.651840096742,599.763880350183,295618.237268776,237804.317149739,359716.712172709
15224,2021,631.319685106589,28.5997908367202,133470,575.264616769286,687.374753443893,398564.544803083,330929.379306713,472484.051672052
15226,2021,539.694679377643,28.5502620459239,133470,483.736686566822,595.652672188465,291270.346948537,234001.181930648,354802.105885259
15227,2021,521.444799120699,28.5247154013417,133470,465.53687726725,577.352720974148,271904.678530026,216724.584095743,333336.164416253
15228,2021,621.775063854342,28.5499079680614,133470,565.817765029673,677.732362679012,386604.230031071,320149.743223174,459321.155422476
15229,2021,567.683185100488,28.5484478516521,133470,511.728748077345,623.63762212363,322264.198645835,261866.311608807,388923.883728015
15232,2021,730.912469213362,28.6168587018691,133470,674.82394817171,787.000990255014,534233.037651574,455387.361026055,619370.558662373
15233,2021,562.437999720608,28.8531694858903,133470,505.886313852934,618.989685588282,316336.503529718,255920.962543709,383148.23086468
15234,2021,546.732005953513,28.5477251544444,133470,490.778985403715,602.685026503311,298915.886333952,240864.012513899,363229.241171297
15235,2021,466.337048270673,28.5134103756978,133470,410.451284061266,522.222812480081,217470.242589804,168470.256587542,272716.665874605
15236,2021,538.149556683356,28.5204253644923,133470,482.250043223875,594.049070142837,289604.945358492,232565.104189429,352894.297737569
15237,2021,560.615015732304,28.505405783582,133470,504.744940377428,616.48509108718,314289.195864531,254767.454836613,380053.867532769
15238,2021,594.348018872183,28.5231212806424,133470,538.443221466226,650.252816278141,353249.567537289,289921.102742927,422828.725077654
15239,2021,514.340702882428,28.5432835050737,133470,458.396387884375,570.285017880482,264546.358641591,210127.248425442,325225.001618942
15241,2021,559.318563822765,28.5338635165622,133470,503.392711830359,615.244415815171,312837.255836761,253404.222323923,378525.691191751
15243,2021,588.481083923306,28.5510523748966,133470,532.521542082114,644.440625764497,346309.986135549,283579.192781513,415303.720135736
15201,2022,662.416788394417,28.5690903909641,133470,606.421892370774,718.41168441806,438796.001546774,367747.511546551,516115.348308395
15202,2022,561.132991039192,28.5433038409441,133470,505.188636183203,617.077345895181,314870.23363259,255215.558128644,380784.450817041
15203,2022,648.48034232086,28.592828853615,133470,592.438919343446,704.521765298274,420526.754376579,350983.87315283,496350.917778996
15204,2022,487.886255635535,28.5865233686433,133470,431.857191293644,543.915319977426,238032.998438063,186500.633672035,295843.875306146
15205,2022,548.421293958839,28.5405176512596,133470,492.482399983807,604.36018793387,300765.915667487,242538.914293811,365251.236759463
15206,2022,628.259699702861,28.5530693851025,133470,572.296204558459,684.223194847262,394710.250270729,327522.945752018,468161.380366994
15207,2022,543.861054834623,28.5708188565356,133470,487.86277104999,599.859338619257,295784.846965829,238010.083376575,359831.226128732
15208,2022,610.286909993342,28.6220173047819,133470,554.188278184081,666.385541802602,372450.112509221,307124.647676637,444069.690323548
15209,2022,560.648406949304,28.5640969545068,133470,504.66329797003,616.633515928579,314326.636214793,254685.044317987,380236.892966441
15210,2022,490.807461221784,28.5414552266332,133470,434.866729616123,546.748192827445,240891.963990973,189109.072527022,298933.586360077
15211,2022,603.777544885701,28.5776377923827,133470,547.765896111195,659.789193660208,364547.323708205,300047.4769425,435321.780070787
15212,2022,547.952813976519,28.5416002751417,133470,492.011798078427,603.893829874611,300252.286344785,242075.609448367,364687.757760625
15213,2022,660.440722332291,28.5733936531664,133470,604.437391993229,716.444052671352,436181.947714798,365344.560839576,513292.080608152
15214,2022,521.228972457607,28.5598563275669,133470,465.252175029779,577.205769885435,271679.641729213,216459.586369941,333166.500789038
15215,2022,621.595193933449,28.562693905485,133470,565.612834904664,677.577552962235,386380.585121163,319917.87900889,459111.340278291
15216,2022,582.661275418828,28.5465308612056,133470,526.710595661992,638.611955175664,339494.161872695,277424.05158261,407825.229293284
15217,2022,699.952614921045,28.5474441136802,133470,644.000145206018,755.905084636073,489933.663134809,414736.187025373,571392.496978668
15218,2022,582.819627214578,28.5580870581721,133470,526.84629752249,638.792956906666,339678.717866539,277567.021213156,408056.441793562
15219,2022,548.9161384058,28.5945262174081,133470,492.871388626314,604.960888185286,301308.927002336,242922.205726431,365977.676233931
15220,2022,543.256317549753,28.5532713514198,133470,487.292426555054,599.220208544452,295127.426557718,237453.908977913,359064.858328057
15221,2022,519.212352008302,28.5335127379248,133470,463.287187535626,575.137516480978,269581.466477993,214635.018134671,330783.162863907
15222,2022,675.346112907079,28.9523168153044,133470,618.600100082348,732.09212573181,456092.372218701,382666.083821891,535958.880558521
15223,2022,560.191289384908,28.6050028409742,133470,504.126005614342,616.256573155475,313814.280702726,254143.029536671,379772.163957329
15224,2022,647.803114268035,28.6049123057513,133470,591.738007944853,703.868220591216,419648.874855364,350153.870046543,495430.471958244
15226,2022,556.178108539089,28.5550544734382,133470,500.21072265776,612.145494420417,309334.088418118,250210.767061799,374722.106339217
15227,2022,537.928228282145,28.529868386651,133470,482.010206671487,593.846249892802,289366.778782767,232333.83933549,352653.368511744
15228,2022,638.258493015788,28.5547419163073,133470,582.291719740734,694.225266290841,407373.903906784,339063.646878622,481948.720356589
15229,2022,584.166614261933,28.5535667638471,133470,528.202144264265,640.131084259601,341250.63321825,278997.505205368,409767.805035373
15232,2022,747.395898374808,28.621955678721,133470,691.297387351502,803.494409398113,558600.628907486,477892.077759013,645603.265934022
15233,2022,578.921428882053,28.8573530665081,133470,522.361543272683,635.481314491424,335150.020818838,272861.581890219,403836.501067748
15234,2022,563.215435114958,28.5524908872318,133470,507.253073815831,619.177796414086,317211.626351732,257305.680895609,383381.143572203
15235,2022,482.820477432118,28.5185046935877,133470,426.924728452575,538.716226411662,233115.613427779,182264.723764305,290215.172599221
15236,2022,554.632985844801,28.5257222320795,133470,498.723090621472,610.542881068131,307617.74898712,248724.721119033,372762.609622973
15237,2022,577.098444893749,28.5103484740227,133470,521.218681955771,632.978207831727,333042.615098784,271668.914419712,400661.411589865
15238,2022,610.831448033629,28.5282777497973,133470,554.916544042189,666.746352025068,373115.05790686,307932.370851727,444550.697938736
15239,2022,530.824132043874,28.5480356910245,133470,474.870502848043,586.777761239704,281774.259160132,225501.994475153,344308.14108548
15241,2022,575.801992984211,28.5391465249708,133470,519.865786391693,631.738199576728,331547.935124589,270260.435860654,399093.152804445
15243,2022,604.964513084751,28.5561932462104,133470,548.994895229562,660.93413093994,365982.06209187,301395.394988118,436833.925441334
15201,2023,669.639999257458,28.5663604549197,133470,613.650453858663,725.629544656252,448417.728605528,376566.879520944,526538.23607804
15202,2023,568.356201902232,28.5404678468374,133470,512.41740554296,624.294998261505,323028.772240731,262571.597503378,389744.244854332
15203,2023,655.7035531839,28.5904451650981,133470,599.666802192497,711.740304175304,429947.149657992,359600.273651776,506574.260587554
15204,2023,495.109466498576,28.583768833256,133470,439.085800995797,551.133132001355,245133.383816504,192796.340636121,303747.729189623
15205,2023,555.644504821879,28.5381474870222,133470,499.710256325518,611.578753318241,308740.815738751,249710.340276915,374028.571510294
15206,2023,635.482910565901,28.5502809719932,133470,579.524880660329,691.440940471473,403838.529621309,335849.087304369,478090.574160076
15207,2023,551.084265697664,28.5685756472578,133470,495.090378562295,607.078152833033,303693.867899533,245114.482944957,368543.883647167
15208,2023,617.510120856382,28.6194506398089,133470,561.416519663649,673.603722049116,381318.749360064,315188.508551244,453741.974358422
15209,2023,567.871617812345,28.5615137515469,133470,511.89157186375,623.85166376094,322478.17431681,262032.981345141,389190.898377293
15210,2023,498.030672084825,28.5387947853156,133470,442.095154895616,553.966189274033,248034.550337262,195448.125982178,306878.538858794
15211,2023,611.000755748742,28.5749904594362,133470,554.99429569852,667.007215798965,373321.923525534,308018.668257896,444898.625927887
15212,2023,555.176024839559,28.5389766861628,133470,499.240151128008,611.111898551111,308220.418556655,249240.728498316,373457.752550743
15213,2023,667.663933195331,28.571016824074,133470,611.665261397934,723.662604992729,445775.12768986,374134.392001002,523687.565864862
15214,2023,528.452183320648,28.5572631870217,133470,472.480468400986,584.42389824031,279261.71005636,223237.793020415,341551.2928344
15215,2023,628.81840479649,28.5598941794208,133470,572.841533179719,684.795276413261,395412.586210802,328147.422135691,468944.570597914
15216,2023,589.884486281868,28.5440281468839,133470,533.93871179945,645.830260764287,347963.707156024,285090.547958056,417096.725718867
15217,2023,707.175825784086,28.5449231805089,133470,651.228297052089,763.123354516083,500097.648573404,424098.294881364,582357.254207879
15218,2023,590.042838077618,28.5552338028803,133470,534.075100713855,646.010575441382,348150.550766691,285236.213202514,417329.663582106
15219,2023,556.139349268841,28.5928686607718,133470,500.097848270125,612.180850267556,309290.97580517,250097.857844409,374765.393434308
15220,2023,550.479528412794,28.5507592059095,133470,494.520561177469,606.438495648118,303027.711201572,244550.585427279,367767.649003952
15221,2023,526.435562871343,28.5311751988747,133470,470.514979932565,582.35614581012,277134.401855667,221384.346340942,339138.680562818
15222,2023,682.56932377012,28.9503971244178,133470,625.827073504508,739.311574035731,465900.881751998,391659.525931217,546581.60350319
15223,2023,567.414500247949,28.6024975282453,133470,511.35412684463,623.474873651267,321959.215091629,261483.043041034,388720.918074464
15224,2023,655.026325131075,28.6019709055771,133470,598.96698389858,711.08566636357,429059.486614721,358761.447800562,505642.824907723
15226,2023,563.401319402129,28.5526008777113,133470,507.438742523668,619.36389628059,317421.04670406,257494.077414002,383611.636015874
15227,2023,545.151439145185,28.5274110358579,133470,489.238233897257,601.064644393114,297190.091602067,239354.049506907,361278.70673942
15228,2023,645.481703878828,28.5520875018661,133470,589.520133207659,701.443274549997,416646.630042315,347533.987457176,492022.667411423
15229,2023,591.389825124974,28.551206590618,133470,535.429981023782,647.349669226166,349741.925261347,286685.264579127,419061.594247226
15232,2023,754.619109237848,28.6197959684617,133470,698.524831207255,810.713387268442,569450.000026923,487936.939813124,657256.19629627
15233,2023,586.144639745094,28.8558835807919,133470,529.587634300922,642.701645189266,343565.538701906,280463.062404447,413065.404728989
15234,2023,570.438645977999,28.550175844233,133470,514.480822120919,626.396469835079,325400.248825213,264690.516330217,392372.537421849
15235,2023,490.043688295159,28.5158820045825,133470,434.153079738224,545.934296852094,240142.816437923,188488.896646184,298044.256479391
15236,2023,561.856196707842,28.5235872445451,133470,505.950486021135,617.761907394549,315682.385779001,255985.894305023,381629.774227751
15237,2023,584.32165575679,28.5078155222374,133470,528.446857358106,640.196454155473,341431.797386356,279256.081051659,409851.499913241
15238,2023,618.054658896669,28.5259633990152,133470,562.144290990546,673.965026802793,381991.561383878,316006.203893263,454228.85735329
15239,2023,538.047342906915,28.5457371209588,133470,482.098218866483,593.996466947346,289494.943209191,232418.692634236,352831.802745929
15241,2023,583.025203847251,28.5367529470985,133470,527.093688623701,638.956719070801,339918.388321129,277827.756586939,408265.688845722
15243,2023,612.187723947792,28.5536413546742,133470,556.223107753463,668.15234014212,374773.809352377,309384.145598921,446427.549637391
15201,2024,685.867663493581,28.574146232732,133470,629.862858112298,741.872468874863,470414.451826144,396727.220029393,550374.760074485
15202,2024,584.583866138355,28.5487149393744,133470,528.628905628149,640.538826648561,341738.296549267,279448.519865615,410289.988444316
15203,2024,671.931217420023,28.5981240174159,133470,615.879416018151,727.983018821896,451491.560943555,379307.455074859,529959.27569304
15204,2024,511.337130734699,28.5919637551967,133470,455.297403334404,567.376858134994,261465.661267994,207295.725483051,321916.499147137
15205,2024,571.872169058002,28.5460767063959,133470,515.922379436309,627.821958679696,327037.777743104,266175.901603223,394160.411800409
15206,2024,651.710574802024,28.557982792304,133470,595.737449469136,707.683700134913,424726.673308785,354903.108699991,500816.219436641
15207,2024,567.311929933787,28.5764997635686,133470,511.302511674997,623.321348192577,321842.825845198,261430.25844516,388529.503112612
15208,2024,633.737785092505,28.6274296621229,133470,577.628545161586,689.847025023425,401623.580253954,333654.73618549,475888.91793367
15209,2024,584.099282048468,28.5697221828794,133470,528.103147724196,640.09541637274,341171.971289536,278892.934636204,409722.142061392
15210,2024,514.258336320947,28.5468552675644,133470,458.307020733566,570.209651908329,264461.636475589,210045.325253677,325139.047129418
15211,2024,627.228419984865,28.582550245922,133470,571.207142891032,683.249697078698,393415.49083671,326277.600089736,466830.148558133
15212,2024,571.403689075682,28.5469896289262,133470,515.452110142482,627.355268008882,326502.175889299,265690.877850338,393574.632298496
15213,2024,683.891597431454,28.5788513719276,133470,627.877570063177,739.905624799731,467707.717037346,394230.24298844,547460.33361028
15214,2024,544.679847556771,28.5652582733697,133470,488.692462413709,600.667232699833,296676.136334467,238820.322819974,360801.124439275
15215,2024,645.046069032613,28.5681982185104,133470,589.052921650704,701.039216414521,416084.431174426,346983.344505231,491455.982951086
15216,2024,606.112150517991,28.5519979125133,133470,550.150755440319,662.073545595663,367371.939005544,302665.853711554,438341.379777613
15217,2024,723.403490020209,28.5529694858101,133470,667.440190676598,779.36678936382,523312.609373419,445476.408130414,607412.592363269
15218,2024,606.270502313741,28.5633509516897,133470,550.28685548638,662.254149141103,367563.921975756,302815.623321088,438580.558054606
15219,2024,572.367013504964,28.600747098294,133470,516.310070912419,628.423956097508,327603.998148591,266576.089325587,394916.668597243
15220,2024,566.707192648916,28.5587134134176,133470,510.732635311973,622.68174998586,321157.042200016,260847.824772713,387732.561765453
15221,2024,542.663227107466,28.5390537422368,133470,486.727202367415,598.599251847516,294483.378054689,236903.36952441,358321.064312406
15222,2024,698.796988006242,28.9584233788428,133470,642.039006428369,755.554969584116,488317.230446597,412214.085775527,570863.312063254
15223,2024,583.642164484072,28.6098501945993,133470,527.567379988823,639.716948979321,340638.176163652,278327.340428271,409237.774811411
15224,2024,671.253989367198,28.6096481961117,133470,615.1796007853,727.328377949096,450581.918241378,378445.941222361,529006.569370063
15226,2024,579.628983638252,28.5607210606818,133470,523.650491349293,635.607475927211,335969.758673513,274209.837090356,403996.86345456
15227,2024,561.379103381308,28.5352962285077,133470,505.450443299624,617.307763462993,315146.497713201,255480.150631786,381068.874831682
15228,2024,661.709368114951,28.5605488831926,133470,605.73121329073,717.687522939172,437859.287851088,366910.30275466,515075.380582565
15229,2024,607.617489361097,28.5591502423572,133470,551.6420758474,663.592902874793,369199.013377482,304308.979845229,440355.540745795
15232,2024,770.846773473971,28.6271416783661,133470,714.738097985962,826.955448961981,594204.748175232,510850.54871259,683855.314567911
15233,2024,602.372303981217,28.8631742160287,133470,545.801009024973,658.943598937461,362852.39260364,297898.741452678,434206.666580653
15234,2024,586.666310214122,28.5581585431506,133470,530.69284041278,642.639780015464,344177.359540252,281634.890865384,412985.886858324
15235,2024,506.271352531282,28.5241977709136,133470,450.36444522403,562.178259838534,256310.682393854,202828.133521948,316044.395835083
15236,2024,578.083860943965,28.5312963621111,133470,522.163040527454,634.004681360476,334180.950283881,272654.240892876,401961.935986998
15237,2024,600.549319992913,28.5159525456783,133470,544.658573176716,656.440066809109,360659.48574395,296652.961334897,430913.561312347
15238,2024,634.282323132792,28.5340724203289,133470,578.356061692814,690.20858457277,402314.065438732,334495.734096823,476387.890217947
15239,2024,554.275007143037,28.5536745944862,133470,498.310325799284,610.239688486791,307220.783543414,248313.180798188,372392.477404456
15241,2024,599.252868083374,28.5448449911078,133470,543.305492601177,655.200243565571,359103.99990615,295180.858290607,429287.359168384
15243,2024,628.415388183915,28.5617118903909,133470,572.4349538868,684.395822481029,394905.90010634,327681.776431383,468397.641829484
15201,2025,682.484972916679,28.6946572195723,133470,626.243968199489,738.725977633868,465785.73825708,392181.507706242,545716.070031115
15202,2025,581.201175561453,28.6701339885676,133470,525.008235929693,637.394115193214,337794.806474015,275633.647794008,406271.25808294
15203,2025,668.548526843121,28.7196711502643,133470,612.258495278066,724.838558408176,446957.132744108,374860.465040162,525390.935755243
15204,2025,507.954440157797,28.7138970614337,133470,451.675725701522,564.233154614072,258017.713276021,204010.961187996,318359.052765747
15205,2025,568.4894784811,28.6663300306813,133470,512.303994537407,624.674962424794,323180.287143713,262455.382818983,390218.808680417
15206,2025,648.327884225122,28.6792310011881,133470,592.117114614568,704.538653835676,420329.045463823,350602.677419482,496374.714748587
15207,2025,563.929239356885,28.6972927348647,133470,507.683069077798,620.175409635972,318016.187001635,257742.098628252,384617.538717146
15208,2025,630.355094515603,28.7474924762987,133470,574.010533659023,686.699655372183,397347.545181775,329488.092751517,471556.416688275
15209,2025,580.716591471566,28.6909527708067,133470,524.482847406382,636.95033553675,337231.759610354,275082.257223506,405705.729940378
15210,2025,510.875645744045,28.6677147907132,133470,454.687447695949,567.063843792141,260993.925414395,206740.675092257,321561.402936318
15211,2025,623.845729407963,28.7041588494969,133470,567.586101669445,680.105357146481,389183.494100553,322153.982808317,462543.296819343
15212,2025,568.02099849878,28.667755375398,133470,511.832720905442,624.209276092118,322647.854735551,261972.734189468,389637.220359446
15213,2025,680.508906854552,28.7008214901328,133470,624.255820279509,736.761993429595,463092.372308377,389695.329152843,542818.234962351
15214,2025,541.297156979869,28.6857411486846,133470,485.073627598976,597.520686360761,293002.612154489,235296.42419203,357030.970629035
15215,2025,641.663378455711,28.6878469739015,133470,585.435721695807,697.891035215615,411731.891251197,342734.98423749,487051.897034323
15216,2025,602.729459941089,28.6727206823631,133470,546.531450436674,658.927469445504,363282.801880877,298696.626316415,434185.409989856
15217,2025,720.020799443307,28.6741349703449,133470,663.820017960246,776.221580926368,518429.951630979,440657.016244742,602519.942695829
15218,2025,602.887811736839,28.6845399684511,133470,546.666636647293,659.108986826385,363473.713540835,298844.411623264,434424.656515304
15219,2025,568.984322928062,28.7212670992374,133470,512.691163332132,625.277482523991,323743.159737905,262852.228958855,390971.93015154
15220,2025,563.324502072014,28.67983501416,133470,507.112548607053,619.536455536975,317334.494634683,257163.136954741,383825.419739319
15221,2025,539.280536530563,28.6607207972555,133470,483.106046582064,595.455026479063,290823.497080692,233391.452244151,354566.688559182
15222,2025,695.41429742934,29.0775383678531,133470,638.422852645841,752.40574221284,483601.045069143,407583.738780453,566114.400914854
15223,2025,580.25947390717,28.7289935837691,133470,523.9511705425,636.567777271839,336701.057059025,274524.829112856,405218.53506081
15224,2025,667.871298790296,28.7302384058275,133470,611.5605555971,724.182041983492,446052.071747837,374006.313162233,524439.629931381
15226,2025,576.24629306135,28.6816848453016,133470,520.030713961095,632.461872161605,332059.790266947,270431.943462887,400008.019738162
15227,2025,557.996412804406,28.6559616620174,133470,501.831250674159,614.161574934653,311359.996702585,251834.604153191,377194.440126213
15228,2025,658.326677538049,28.6809780320477,133470,602.112483778879,714.540871297219,433394.014358287,362539.443122371,510568.65675419
15229,2025,604.234798784195,28.6804422123768,133470,548.021655221805,660.447942346584,365099.692061776,300327.734592047,436191.484549837
15232,2025,767.464082897069,28.7496411649484,133470,711.115310649931,823.812855144207,589001.118537039,505684.985040748,678667.620300851
15233,2025,598.989613404315,28.9818333213331,133470,542.185748766192,655.793478042437,358788.556966251,293965.386165157,430065.085842997
15234,2025,583.28361963722,28.6784092445816,133470,527.074460654624,639.492778619815,340219.780937097,277807.487074363,408951.013906892
15235,2025,502.88866195438,28.6456686916578,133470,446.743673858279,559.033650050481,252897.006322267,199579.910132392,312518.621888764
15236,2025,574.701170367063,28.6527224433736,133470,518.54235704627,630.859983687856,330281.435221272,268886.176051101,397984.319018642
15237,2025,597.166629416011,28.6372774022803,133470,541.03808809402,653.295170738001,356607.983288079,292722.212768433,426794.580109594
15238,2025,630.89963255589,28.6542456844985,133470,574.737833710279,687.061431401502,398034.346359157,330323.577497984,472053.410519481
15239,2025,550.892316566135,28.6741299399769,133470,494.691544942504,607.093088189766,303482.344451603,244719.724637602,368562.017727787
15241,2025,595.870177506472,28.6661470133761,133470,539.685052273358,652.055302739586,355061.268441594,291259.955647297,425176.117830813
15243,2025,625.032697607012,28.6829567390024,133470,568.814625618305,681.250769595719,390665.873077899,323550.078317293,464102.61107476
