"PROPERTYZIP.x","SALEYEAR","emmean","SE","df","lower.CL","upper.CL","adjusted_price"
15201,2012,554.329507831044,40.9555810977535,140620,474.057352983593,634.601662678494,307281.203252207
15202,2012,453.056731911536,40.941544399136,140620,372.81208872464,533.301375098433,205260.402330362
15203,2012,542.609617248783,40.9856718215029,140620,462.278485158878,622.940749338689,294425.196730871
15204,2012,374.616186870177,40.9793875045384,140620,294.297371921207,454.935001819147,140337.287465151
15205,2012,440.53433859923,40.9355640106911,140620,360.30141685919,520.76726033927,194070.503485061
15206,2012,511.505942880908,40.9446902172771,140620,431.255133950683,591.756751811134,261638.329602487
15207,2012,434.223806790163,40.9645217285497,140620,353.934128477522,514.513485102804,188550.314383341
15208,2012,480.42523105563,40.9985539517268,140620,400.068850237117,560.781611874144,230808.402634856
15209,2012,450.044207743228,40.9592484807609,140620,369.764864895295,530.32355059116,202539.788923229
15210,2012,378.528303608341,40.9371865350345,140620,298.292201751651,458.764405465031,143283.676632608
15211,2012,490.608778347003,40.9694820382109,140620,410.309377922393,570.908178771614,240696.973391139
15212,2012,440.974200057858,40.9321831190902,140620,360.747904800628,521.200495315089,194458.245116668
15213,2012,552.298941524082,40.9708547492408,140620,471.996850612133,632.60103243603,305034.120808621
15214,2012,408.90563966509,40.9560231445343,140620,328.632618414412,489.178660915769,167203.822149917
15215,2012,513.881924433197,40.9565708668954,140620,433.607829657177,594.156019209216,264074.632259166
15216,2012,472.784741227781,40.9407431113027,140620,392.541668549697,553.027813905865,223525.41153782
15217,2012,597.250584677792,40.9422573697127,140620,517.004544082215,677.496625273369,356708.260897964
15218,2012,473.058896136625,40.9454677999981,140620,392.806563159153,553.311229114096,223784.719214002
15219,2012,430.889416739789,40.9981839990459,140620,350.533761021448,511.245072458131,185665.689458356
15220,2012,431.797350065336,40.9470963448018,140620,351.541825171228,512.052874959445,186448.951523447
15221,2012,403.09855133295,40.9247961951918,140620,322.886734305135,483.310368360764,162488.442086723
15222,2012,571.629858402246,41.3534326979051,140620,490.57792203546,652.681794769033,326760.695016972
15223,2012,450.524923091581,41.0026221216209,140620,370.160568737961,530.8892774452,202972.706326675
15224,2012,536.539006632421,40.9912874769155,140620,456.196867965419,616.881145299422,287874.105638105
15226,2012,447.914267124155,40.9502708554482,140620,367.652520249957,528.176013998354,200627.190693369
15227,2012,428.289836875814,40.9261593822572,140620,348.075348027451,508.504325724178,183432.184371112
15228,2012,531.310446253612,40.9512956296198,140620,451.046690841656,611.574201665567,282290.790298212
15229,2012,476.853534873606,40.9484494167438,140620,396.595357984396,557.111711762815,227389.293721453
15232,2012,650.184748481303,41.0021219022929,140620,569.82137454799,730.548122414617,422740.207157695
15233,2012,454.020746112529,41.215930257774,140620,373.238311895883,534.803180329175,206134.837900578
15234,2012,454.712532848462,40.9453146390778,140620,374.460500063461,534.964565633462,206763.487529463
15235,2012,370.576104335359,40.910660603423,140620,290.391992796783,450.760215873936,137326.649104371
15236,2012,445.003088294187,40.9219376542914,140620,364.79687395181,525.209302636563,198027.748591364
15237,2012,467.145826632632,40.9085537076468,140620,386.96584456944,547.325808695824,218225.223340285
15238,2012,502.698421813216,40.932268864766,140620,422.471958496103,582.92488513033,252705.703293498
15239,2012,419.386115623954,40.9409279258909,140620,339.142680712815,499.629550535093,175884.713978149
15241,2012,466.410231623894,40.9409539975033,140620,386.166745612894,546.653717634893,217538.504163454
15243,2012,496.789121189817,40.9521125967108,140620,416.523764538004,577.054477841629,246799.43093255
15201,2013,558.445747151408,40.9618496322564,140620,478.161306096345,638.730188206472,311861.652511495
15202,2013,457.172971231901,40.9479762355994,140620,376.915721768675,537.430220695127,209007.125625005
15203,2013,546.725856569148,40.9924129251915,140620,466.381512045073,627.070201093224,298909.162241269
15204,2013,378.732426190542,40.9857432393791,140620,298.401154122966,459.063698258117,143438.250648174
15205,2013,444.650577919595,40.9425718296962,140620,364.403920988471,524.897234850719,197714.13644423
15206,2013,515.622182201273,40.9510945927094,140620,435.358820817814,595.885543584733,265866.234778003
15207,2013,438.340046110528,40.9710090322849,140620,358.037652806767,518.642439414289,192141.99602418
15208,2013,484.541470375995,41.0053513598174,140620,404.171766767762,564.911173984228,234780.436514131
15209,2013,454.160447063593,40.9656808643893,140620,373.868496866898,534.452397260287,206261.711677002
15210,2013,382.644542928706,40.9435675805958,140620,302.395934344883,462.893151512529,146416.846233118
15211,2013,494.725017667368,40.9758248897106,140620,414.413185375254,575.036849959483,244752.843105978
15212,2013,445.090439378223,40.9387369723169,140620,364.851298694143,525.329580062303,198105.4992259
15213,2013,556.415180844447,40.9773968969508,140620,476.100267448238,636.730094240656,309597.853474158
15214,2013,413.021878985455,40.9623659302494,140620,332.73642599621,493.307331974701,170587.072520676
15215,2013,517.998163753562,40.9636836181437,140620,437.710128121271,598.286199385853,268322.097652062
15216,2013,476.900980548146,40.9474200890449,140620,396.64482112152,557.157139974773,227434.545247783
15217,2013,601.366823998157,40.9487275055511,140620,521.108102060209,681.625545936105,361642.05700563
15218,2013,477.17513545699,40.9520538468695,140620,396.909893953741,557.440376960238,227696.109898396
15219,2013,435.005656060154,41.0038784323135,140620,354.638839361629,515.372472758679,189229.920804325
15220,2013,435.913589385701,40.9536771833161,140620,355.645166174097,516.182012597306,190020.657411126
15221,2013,407.214790653315,40.9311800529051,140620,326.990461386603,487.439119920026,165823.885726823
15222,2013,575.746097722611,41.360366665655,140620,494.680570911788,656.811624533435,331483.569042815
15223,2013,454.641162411946,41.009921755713,140620,374.262500915259,535.019823908633,206698.586559285
15224,2013,540.655245952786,40.9976239058442,140620,460.300688006396,621.009803899175,292308.094976267
15226,2013,452.03050644452,40.9564652616918,140620,371.756618652678,532.304394236363,204331.578756489
15227,2013,432.406076196179,40.9323428089769,140620,352.179467949828,512.63268444253,186975.014731376
15228,2013,535.426685573977,40.9582099184666,140620,455.149378288257,615.703992859696,286681.735624734
15229,2013,480.969774193971,40.9548465848511,140620,400.699058977746,561.240489410195,231331.923688199
15232,2013,654.300987801668,41.0082485490749,140620,573.925605757958,734.676369845378,428109.782638238
15233,2013,458.136985432894,41.223424002158,140620,377.339863620725,538.934107245063,209889.49742154
15234,2013,458.828772168827,40.9525559075492,140620,378.562546636258,539.094997701395,210523.842169953
15235,2013,374.692343655724,40.9170623290286,140620,294.495684857523,454.889002453925,140394.352394219
15236,2013,449.119327614551,40.9285817491772,140620,368.900090973401,529.338564255702,201708.170436947
15237,2013,471.262065952997,40.9147487819609,140620,391.069941662755,551.454190243239,222087.934806287
15238,2013,506.814661133581,40.9397787425779,140620,426.573478599734,587.055843667428,256861.100739947
15239,2013,423.502354944319,40.9478661341146,140620,343.245321277895,503.759388610743,179354.244643384
15241,2013,470.526470944259,40.9479257443879,140620,390.269320442841,550.783621445676,221395.159859258
15243,2013,500.905360510181,40.958878003281,140620,420.626743791017,581.183977229346,250906.180187835
15201,2014,570.351484223556,40.9628659377544,140620,490.065051229173,650.637917217938,325300.815556013
15202,2014,469.078708304048,40.9486505299906,140620,388.820137236725,549.337279371371,220034.834584194
15203,2014,558.631593641296,40.9929429319687,140620,478.286210314084,638.976976968507,312069.257414214
15204,2014,390.638163262689,40.986309993335,140620,310.30578036821,470.970546157167,152598.174597247
15205,2014,456.556314991742,40.9434881766706,140620,376.307862038092,536.804767945392,208443.668758839
15206,2014,527.52791927342,40.9522920323459,140620,447.262210931199,607.793627615642,278285.705612944
15207,2014,450.245783182675,40.9719377424286,140620,369.941569624813,530.549996740537,202721.26527378
15208,2014,496.447207448142,41.0064474971756,140620,416.075355431673,576.819059464611,246459.829783059
15209,2014,466.06618413574,40.966523542951,140620,385.772582305197,546.359785966282,217217.687994849
15210,2014,394.550280000853,40.9448897951131,140620,314.29907990189,474.801480099816,155669.923448752
15211,2014,506.630754739515,40.9766066314997,140620,426.317390248461,586.94411923057,256674.721647931
15212,2014,456.99617645037,40.9395715747969,140620,376.755399961408,537.236952939332,208845.505290258
15213,2014,568.320917916594,40.9784318018953,140620,488.003976126507,648.637859706681,322988.66574156
15214,2014,424.927616057602,40.9633048759612,140620,344.640322752738,505.214909362467,180563.478888397
15215,2014,529.903900825709,40.9643206601405,140620,449.6146166033,610.193185048117,280798.144110303
15216,2014,488.806717620293,40.9481672702209,140620,408.549093732867,569.06434150772,238932.007190725
15217,2014,613.272561070304,40.9495546523701,140620,533.012217940427,693.532904200181,376103.23416173
15218,2014,489.080872529137,40.9530463996996,140620,408.813685641344,569.348059416929,239200.099873862
15219,2014,446.911393132301,41.0051678581045,140620,366.542049183912,527.28073708069,199729.793311454
15220,2014,447.819326457848,40.9540842422354,140620,367.550105418555,528.088547497142,200542.149149161
15221,2014,419.120527725462,40.9318810125485,140620,338.894824591269,499.346230859654,175662.016760869
15222,2014,587.651834794758,41.3618639728958,140620,506.583373290409,668.720296299108,345334.678937646
15223,2014,466.546899484093,41.0104159017089,140620,386.167269470714,546.926529497471,217666.00941822
15224,2014,552.560983024933,40.9988392020898,140620,472.204043121169,632.917922928696,305323.63996148
15226,2014,463.936243516667,40.9571342995403,140620,383.661044423451,544.211442609884,215236.838048356
15227,2014,444.311813268326,40.9330131785716,140620,364.083891110404,524.539735426249,197412.987409788
15228,2014,547.332422646124,40.9590404269085,140620,467.053487579759,627.611357712489,299572.780879675
15229,2014,492.875511266118,40.9552348874066,140620,412.604034984318,573.146987547917,242926.269605837
15232,2014,666.206724873815,41.009723213225,140620,585.828452516603,746.584997231027,443831.400267095
15233,2014,470.042722505041,41.2240099493734,140620,389.244452247548,550.840992762534,220940.160979951
15234,2014,470.734509240974,40.9531562515575,140620,390.467107045643,551.001911436305,221590.97819034
15235,2014,386.598080727871,40.9176218863462,140620,306.40032520804,466.795836247702,149458.076022474
15236,2014,461.025064686699,40.9294125759149,140620,380.804199641049,541.245929732348,212544.110269375
15237,2014,483.167803025144,40.9152525523724,140620,402.974691354541,563.360914695748,233451.125880145
15238,2014,518.720398205728,40.9405324914166,140620,438.477738338588,598.963058072868,269070.851514709
15239,2014,435.408092016466,40.9487735432372,140620,355.149279845535,515.666904187397,189580.206593419
15241,2014,482.432208016406,40.9484662284201,140620,402.173998176632,562.690417856179,232740.835331585
15243,2014,512.811097582329,40.9594627286492,140620,432.531334812637,593.09086035202,262975.221803593
15201,2015,583.778380515774,40.9617016765553,140620,503.494229451052,664.062531580497,340797.19755762
15202,2015,482.505604596267,40.94755107878,140620,402.249188432267,562.762020760266,232811.658466809
15203,2015,572.058489933514,40.9920048996109,140620,491.714945131765,652.402034735263,327250.915905012
15204,2015,404.065059554907,40.9854581541881,140620,323.734346248848,484.395772860967,163268.572353111
15205,2015,469.983211283961,40.9423026263967,140620,389.73708198615,550.229340581772,220884.218888784
15206,2015,540.954815565639,40.9511830563417,140620,460.691280795154,621.218350336125,292632.112483655
15207,2015,463.672679474894,40.9704771661333,140620,383.371328618607,543.97403033118,214992.353691427
15208,2015,509.874103740361,41.0052642495176,140620,429.504570866648,590.243636614074,259971.601665036
15209,2015,479.493080427958,40.9652207085023,140620,399.202032127992,559.784128727924,229913.614178292
15210,2015,407.977176293072,40.9438156002757,140620,327.728081595424,488.226270990719,166445.376376068
15211,2015,520.057651031734,40.9758247629898,140620,439.74581898799,600.369483075478,270459.960396645
15212,2015,470.423072742589,40.9385988812136,140620,390.184202714428,550.66194277075,221297.867368579
15213,2015,581.747814208812,40.9770886954526,140620,501.433504881639,662.062123535986,338430.519336731
15214,2015,438.354512349821,40.9624648231338,140620,358.068865532415,518.640159167227,192154.678497449
15215,2015,543.330797117927,40.9629873578584,140620,463.044126142466,623.617468093389,295208.355096802
15216,2015,502.233613912512,40.9470495517044,140620,421.978180731979,582.489047093045,252238.602943622
15217,2015,626.699457362522,40.9487068612168,140620,546.440775887075,706.95813883797,392752.20985848
15218,2015,502.507768821355,40.9519057920128,140620,422.242817502792,582.772720139919,252514.057725817
15219,2015,460.33828942452,41.0041314372521,140620,379.970976841159,540.70560200788,211911.340710293
15220,2015,461.246222750067,40.9533812397903,140620,380.978379582107,541.514065918027,212748.078001204
15221,2015,432.54742401768,40.9307376581985,140620,352.323961836124,512.770886199237,187097.274024331
15222,2015,601.078731086977,41.3600876342044,140620,520.013751172454,682.1437110015,361295.640965131
15223,2015,479.973795776311,41.0094536124786,140620,399.596051831401,560.351539721222,230374.84463192
15224,2015,565.987879317151,40.9976055724373,140620,485.633357303889,646.342401330414,320342.279533926
15226,2015,477.363139808886,40.955936682364,140620,397.090288022406,557.635991595366,227875.567248198
15227,2015,457.738709560545,40.9319030140076,140620,377.512963303914,537.964455817176,209524.726230153
15228,2015,560.759318938342,40.9579470634943,140620,480.482526843336,641.036111033348,314451.013776194
15229,2015,506.302407558336,40.9542982913785,140620,426.032766986821,586.572048129852,256342.127899368
15232,2015,679.633621166034,41.0084296782612,140620,599.257884112586,760.009358219481,461901.859019256
15233,2015,483.46961879726,41.2234146130141,140620,402.672515387633,564.266722206886,233742.872299968
15234,2015,484.161405533192,40.9519087139227,140620,403.896448487741,564.426362578644,234412.266607876
15235,2015,400.02497702009,40.9168380562059,140620,319.828757792328,480.221196247852,160019.982239923
15236,2015,474.451960978917,40.9282639189831,140620,394.233347278863,554.670574678972,225104.66327674
15237,2015,496.594699317363,40.9141759221723,140620,416.403697821339,576.785700813386,246606.295390102
15238,2015,532.147294497947,40.9393033059431,140620,451.907043810802,612.387545185091,283180.743041484
15239,2015,448.834988308685,40.9476615448156,140620,368.57835563337,529.091620983999,201452.846730057
15241,2015,495.859104308624,40.9473175889968,140620,415.60314578013,576.115062837119,245876.251325751
15243,2015,526.237993874547,40.9585788012837,140620,445.959963585569,606.516024163526,276926.426197108
15201,2016,586.984502129553,40.9601944432019,140620,506.703305213346,667.265699045759,344550.805740279
15202,2016,485.711726210045,40.9453264524156,140620,405.459670271129,565.963782148961,235915.880977942
15203,2016,575.264611547292,40.9901488192989,140620,494.92470462742,655.604518467165,330929.373298657
15204,2016,407.271181168686,40.9836789126803,140620,326.943955141917,487.598407195454,165869.815010536
15205,2016,473.189332897739,40.9406048344054,140620,392.946531239726,553.432134555752,223908.144768207
15206,2016,544.160937179417,40.9493411088349,140620,463.901012590781,624.420861768054,296111.125551982
15207,2016,466.878801088672,40.9687426136604,140620,386.580849922024,547.17675225532,217975.814905996
15208,2016,513.080225354139,41.0035461186881,140620,432.714059983958,593.44639072432,263251.317649454
15209,2016,482.699202041736,40.9634319729425,140620,402.411659629222,562.986744454251,232998.519651729
15210,2016,411.18329790685,40.9418004096516,140620,330.938152944244,491.428442869456,169071.704477553
15211,2016,523.263772645512,40.9737593833048,140620,442.955988706408,603.571556584616,273804.975763214
15212,2016,473.629194356367,40.9369316426348,140620,393.393592083901,553.864796628833,224324.613746661
15213,2016,584.953935822591,40.975401986964,140620,504.642932411763,665.264939233419,342171.10703434
15214,2016,441.560633963599,40.9604858869955,140620,361.278865823137,521.842402104061,194975.793466336
15215,2016,546.536918731706,40.9615280819205,140620,466.253107909144,626.820729554268,298702.603536747
15216,2016,505.43973552629,40.9452001133649,140620,425.187927209495,585.691543843086,255469.326248886
15217,2016,629.905578976301,40.9470467132828,140620,549.65015135902,710.161006593582,396781.038425469
15218,2016,505.713890435134,40.9500703732601,140620,425.452536502186,585.975244368081,255746.538979038
15219,2016,463.544411038298,41.0021073220365,140620,383.181065682008,543.907756394588,214873.421004843
15220,2016,464.452344363845,40.9517395421074,140620,384.187718891913,544.716969835777,215715.980185072
15221,2016,435.753545631459,40.9288348900604,140620,355.533812839024,515.973278423893,189881.152530388
15222,2016,604.284852700755,41.3586627294115,140620,523.222665572347,685.347039829164,365160.183203574
15223,2016,483.17991739009,41.0071826456299,140620,402.806624496725,563.553210283455,233462.832569094
15224,2016,569.19400093093,40.9960120019087,140620,488.842602285394,649.545399576466,323981.810695759
15226,2016,480.569261422664,40.9541034983502,140620,400.300002641755,560.838520203574,230946.815024325
15227,2016,460.944831174323,40.930063843466,140620,380.722689656742,541.166972691904,212470.137386325
15228,2016,563.965440552121,40.9565453932353,140620,483.691395703987,644.239485400254,318057.018137148
15229,2016,509.508529172115,40.9523776370731,140620,429.242653046266,589.774405297963,259598.941299132
15232,2016,682.839742779812,41.0069967539154,140620,602.466814230648,763.212671328975,466270.1143196
15233,2016,486.675740411038,41.2217196456088,140620,405.881959105075,567.469521717001,236853.276304632
15234,2016,487.367527146971,40.9502973605423,140620,407.105728323295,567.629325970646,237527.106517353
15235,2016,403.231098633868,40.9148003114449,140620,323.038873346824,483.423323920912,162595.318905476
15236,2016,477.658082592695,40.9264915639551,140620,397.442942674563,557.873222510827,228157.24386613
15237,2016,499.800820931141,40.9126571065103,140620,419.612796284737,579.988845577545,249800.860603443
15238,2016,535.353416111725,40.9376265106192,140620,455.116451911313,615.590380312137,286603.280142494
15239,2016,452.041109922463,40.9456380426891,140620,371.788443272576,532.29377657235,204341.165059932
15241,2016,499.065225922403,40.9460766805535,140620,418.811699550699,579.318752294106,249066.099724979
15243,2016,529.444115488325,40.956607558239,140620,449.169948797975,609.718282178676,280311.071425215
15201,2017,606.059880704768,40.9586896532463,140620,525.781633148065,686.338128261471,367308.578999878
15202,2017,504.787104785261,40.9439004153319,140620,424.537843851727,585.036365718795,254810.021157486
15203,2017,594.339990122508,40.9888701372104,140620,514.002589395048,674.677390849968,353240.023858823
15204,2017,426.346559743901,40.9819785200753,140620,346.022666454084,506.670453033718,181771.38900546
15205,2017,492.264711472955,40.9385932329028,140620,412.025852515374,572.503570430535,242324.546161551
15206,2017,563.236315754633,40.9478583860912,140620,482.979297274187,643.493334235079,317235.147384853
15207,2017,485.954179663887,40.967160837758,140620,405.659328747724,566.24903058005,236151.464732802
15208,2017,532.155603929355,41.0014292226882,140620,451.793587634805,612.517620223905,283189.586793416
15209,2017,501.774580616952,40.961705489071,140620,421.490422079772,582.058739154132,251777.729753318
15210,2017,430.258676482066,40.9399069787431,140620,350.017242607791,510.500110356341,185122.528688099
15211,2017,542.339151220728,40.9722185572549,140620,462.034387271182,622.643915170273,294131.754946819
15212,2017,492.704572931583,40.9349104491722,140620,412.472932159607,572.936213703559,242757.796187693
15213,2017,604.029314397806,40.973826134212,140620,523.721399628202,684.33722916741,364851.412651884
15214,2017,460.636012538815,40.958509883737,140620,380.358117326909,540.913907750721,212185.536047659
15215,2017,565.612297306921,40.9596963955964,140620,485.332076554487,645.892518059356,319917.270864813
15216,2017,524.515114101506,40.9436740131219,140620,444.266296911969,604.763931291043,275116.104920916
15217,2017,648.980957551516,40.94519856849,140620,568.729152262646,729.232762840387,421176.283264483
15218,2017,524.789269010349,40.9482924328286,140620,444.531399806608,605.04713821409,275403.776868417
15219,2017,482.619789613514,41.0000123210727,140620,402.260550419003,562.979028808024,232921.861326592
15220,2017,483.527722939061,40.9500193127494,140620,403.266469083736,563.788976794386,233799.058850633
15221,2017,454.828924206674,40.927123380088,140620,374.612545941018,535.04530247233,206869.350295001
15222,2017,623.360231275971,41.357255102078,140620,542.300803070186,704.419659481756,388577.977936432
15223,2017,502.255295965305,41.0055020049954,140620,421.885297095408,582.625294835203,252260.382325196
15224,2017,588.269379506145,40.9943127160135,140620,507.92131142843,668.61744758386,346060.862864545
15226,2017,499.64463999788,40.952274784558,140620,419.378965460992,579.910314534768,249644.766278611
15227,2017,480.020209749539,40.9283487334625,140620,399.801429814728,560.238989684349,230419.401767991
15228,2017,583.040819127336,40.9547625705887,140620,502.770268577457,663.311369677215,339936.596768675
15229,2017,528.58390774733,40.9512023410155,140620,448.320335179253,608.847480315407,279400.947529438
15232,2017,701.915121355028,41.0053485904831,140620,621.545423174637,782.284819535418,492684.837586843
15233,2017,505.751118986254,41.2192406249916,140620,424.962196513239,586.540041459268,255784.194355848
15234,2017,506.442905722186,40.9484078213427,140620,426.184810359166,586.701001085206,256484.416756331
15235,2017,422.306477209084,40.9128303357724,140620,342.118113036642,502.494841381525,178342.760692746
15236,2017,496.733461167911,40.9248108228894,140620,416.52161547009,576.945306865732,246744.131443853
15237,2017,518.876199506357,40.9109298277883,140620,438.691560293179,599.060838719535,269232.51041416
15238,2017,554.42879468694,40.936044941587,140620,474.194930331552,634.662659042329,307391.288378014
15239,2017,471.116488497679,40.9438999665925,140620,390.867228443665,551.365748551692,221950.745734383
15241,2017,518.140604497618,40.9441588483432,140620,437.89083704033,598.390371954906,268469.686029157
15243,2017,548.519494063541,40.9552630454414,140620,468.247962592533,628.791025534549,300873.635367723
15201,2018,611.075443947789,40.9621715376482,140620,530.79037196432,691.360515931258,373413.198195987
15202,2018,509.802668028281,40.9470803597854,140620,429.547174464499,590.058161592063,259898.760328754
15203,2018,599.355553365529,40.9918799625054,140620,519.012253438114,679.698853292943,359227.079350099
15204,2018,431.362122986922,40.9852936585773,140620,351.03173208911,511.692513884733,186073.281147784
15205,2018,497.280274715975,40.9420063330136,140620,417.034726147522,577.525823284428,247287.671621596
15206,2018,568.251878997654,40.9512719635881,140620,487.988169970667,648.51558802464,322910.197984364
15207,2018,490.969742906908,40.9708232432036,140620,410.667713746189,571.271772067627,241051.288450075
15208,2018,537.171167172375,41.0051378010366,140620,456.801882135264,617.540452209486,288552.862841332
15209,2018,506.790143859973,40.9649964423893,140620,426.499535117294,587.080752602651,256836.249913612
15210,2018,435.274239725086,40.9432608555019,140620,355.026232316575,515.522247133598,189463.663768252
15211,2018,547.354714463748,40.9757476435076,140620,467.043033572713,627.666395354784,299597.183445691
15212,2018,497.720136174603,40.9385296476645,140620,417.481401842873,577.958870506334,247725.333953666
15213,2018,609.044877640827,40.9772383982467,140620,528.730274899043,689.35948038261,370935.66298053
15214,2018,465.651575781836,40.9622951020061,140620,385.366261614591,545.93688994908,216831.390028106
15215,2018,570.627860549942,40.9629337022407,140620,490.341294738463,650.91442636142,325616.155235804
15216,2018,529.530677344526,40.9468037376448,140620,449.275725954844,609.785628734209,280402.738248953
15217,2018,653.996520794537,40.9487773071828,140620,573.737701246344,734.255340342729,427711.449211359
15218,2018,529.80483225337,40.9518282309087,140620,449.540032953085,610.069631553654,280693.160279021
15219,2018,487.635352856534,41.0038181746951,140620,407.268654261788,568.002051451281,237788.237355517
15220,2018,488.543286182082,40.9530890922055,140620,408.276015617795,568.810556746368,238674.542473587
15221,2018,459.844487449695,40.9304629839478,140620,379.621563624411,540.067411274979,211456.952637872
15222,2018,628.375794518991,41.3610004136272,140620,547.309025574275,709.442563463708,394856.139137374
15223,2018,507.270859208326,41.0091499049821,140620,426.893710524294,587.648007892357,257323.724601953
15224,2018,593.284942749166,40.9976072765709,140620,512.930417395834,673.639468102498,351987.023292881
15226,2018,504.6602032409,40.9556366842869,140620,424.387939444908,584.932467036893,254681.920735147
15227,2018,485.035772992559,40.9316598386897,140620,404.810503354895,565.261042630223,235259.70108249
15228,2018,588.056382370357,40.9580463866944,140620,507.77939560378,668.333369136933,345810.308846511
15229,2018,533.599470990351,40.954405424237,140620,453.329620440484,613.869321540218,284728.395441182
15232,2018,706.930684598048,41.0088305645429,140620,626.554161815163,787.307207380933,499750.992826265
15233,2018,510.766682229274,41.2232468871679,140620,429.969907559095,591.563456899454,260882.6036755
15234,2018,511.458468965207,40.9517696947578,140620,431.193784394657,591.723153535756,261589.765476233
15235,2018,427.322040452104,40.9160958640566,140620,347.127275906745,507.516804997463,182604.12625615
15236,2018,501.749024410932,40.9280105146552,140620,421.530907378508,581.967141443355,251752.083497322
15237,2018,523.891762749377,40.9141666603248,140620,443.700779406397,604.082746092357,274462.57907665
15238,2018,559.444357929961,40.9391798025885,140620,479.204349307027,639.684366552895,312977.989619666
15239,2018,476.132051740699,40.947136406486,140620,395.876448326457,556.387655154941,226701.730694808
15241,2018,523.156167740639,40.9471692022462,140620,442.900500047335,603.411835433943,273692.375845071
15243,2018,553.535057306562,40.9585210746454,140620,473.257140160689,633.812974452434,306401.059667378
15201,2019,616.264680630213,40.9617301801315,140620,535.980473699027,696.548887561399,379782.156592259
15202,2019,514.991904710706,40.9468471651994,140620,434.736868203848,595.246941217564,265216.661917561
15203,2019,604.544790047953,40.9918400168124,140620,524.201568413332,684.888011682574,365474.403174124
15204,2019,436.551359669346,40.9843913314225,140620,356.222737315483,516.87998202321,190577.089629155
15205,2019,502.4695113984,40.9416110169936,140620,422.224737641778,582.714285155021,252475.609884946
15206,2019,573.441115680078,40.9510833585839,140620,493.177776315289,653.704455044867,328834.713152412
15207,2019,496.158979589332,40.9700478415731,140620,415.858470200964,576.459488977701,246173.733027128
15208,2019,542.3604038548,41.0046729336003,140620,461.992029948964,622.728777760636,294154.807669542
15209,2019,511.979380542397,40.9647602748572,140620,431.68923468356,592.269526401234,262122.886100577
15210,2019,440.463476407511,40.9429457490063,140620,360.216086601698,520.710866213324,194008.07404899
15211,2019,552.543951146173,40.9753175359873,140620,472.233113257642,632.854789034703,305304.817948224
15212,2019,502.909372857028,40.9381849992062,140620,422.671314029677,583.147431684378,252917.837307449
15213,2019,614.234114323251,40.977229906424,140620,533.919528225278,694.548700421225,377283.547198469
15214,2019,470.84081246426,40.9618887328197,140620,390.55629477284,551.12533015568,221691.070682004
15215,2019,575.817097232366,40.9629821605986,140620,495.530436443434,656.103758021299,331565.329465108
15216,2019,534.719914026951,40.946724261608,140620,454.465118408779,614.974709645123,285925.38645699
15217,2019,659.185757476961,40.9486215837128,140620,578.927243143789,739.444271810134,434525.862860475
15218,2019,534.994068935794,40.9513650101158,140620,454.730177539395,615.257960332193,286218.653796477
15219,2019,492.824589538959,41.0034520880608,140620,412.458608467007,573.190570610911,242876.076054243
15220,2019,493.732522864506,40.9526861043428,140620,413.466042148715,573.999003580297,243771.80413415
15221,2019,465.033724132119,40.9299171172889,140620,384.811870195036,545.255578069202,216256.364580188
15222,2019,633.565031201416,41.3610801614545,140620,552.498105952485,714.631956450347,401404.648761251
15223,2019,512.46009589075,41.0085325445439,140620,432.084157221358,592.836034560143,262615.349880357
15224,2019,598.47417943159,40.9972452485396,140620,518.120363646268,678.827995216912,358171.343446315
15226,2019,509.849439923325,40.9555790238975,140620,429.577289140592,590.121590706058,259946.451390128
15227,2019,490.225009674984,40.9313135041189,140620,410.000418846448,570.44960050352,240320.560110838
15228,2019,593.245619052781,40.9575461960309,140620,512.969612650329,673.521625455234,351940.364525318
15229,2019,538.788707672775,40.9539014715105,140620,458.519844860604,619.057570484947,290293.271515699
15232,2019,712.119921280473,41.0085077423018,140620,631.744031223,792.495811337945,507114.782284506
15233,2019,515.955918911699,41.2224544244267,140620,435.16069745332,596.751140370077,266210.510260015
15234,2019,516.647705647631,40.9516099281423,140620,436.383334216589,596.912077078673,266924.851750961
15235,2019,432.511277134529,40.9157071172953,140620,352.317274525379,512.705279743678,187066.004848541
15236,2019,506.938261093356,40.9278353842233,140620,426.720487313226,587.156034873486,256986.400560356
15237,2019,529.080999431802,40.9138882201704,140620,448.890561826194,609.27143703741,279926.703959754
15238,2019,564.633594612386,40.9390403966808,140620,484.393859222362,644.873330002409,318811.096164904
15239,2019,481.321288423124,40.946574412412,140620,401.066786506507,561.57579033974,231670.182689296
15241,2019,528.345404423063,40.9469756555688,140620,448.090116077541,608.600692768585,279148.86637497
15243,2019,558.724293988986,40.9579535005026,140620,478.447489277567,639.001098700405,312172.836693491
15201,2020,633.170396301279,40.964070695659,140620,552.881602004468,713.459190598089,400904.750752318
15202,2020,531.897620381771,40.9495368219985,140620,451.637312199081,612.157928564461,282915.078567791
15203,2020,621.450505719019,40.9941123573084,140620,541.10283034053,701.798181097507,386200.731058424
15204,2020,453.457075340412,40.9871758419996,140620,373.122995399127,533.791155281696,205623.31917628
15205,2020,519.375227069465,40.9443975753673,140620,439.12499171178,599.62546242715,269750.626493459
15206,2020,590.346831351144,40.9534792061685,140620,510.078796170958,670.614866531329,348509.381286336
15207,2020,513.064695260398,40.9723405338166,140620,432.759692239127,593.369698281669,263235.381522645
15208,2020,559.266119525865,41.0075329654572,140620,478.892140012346,639.640099039385,312778.59244952
15209,2020,528.885096213463,40.9674075639612,140620,448.589761718665,609.18043070826,279719.444996724
15210,2020,457.369192078576,40.9453966153505,140620,377.116998621651,537.621385535502,209186.57786261
15211,2020,569.449666817238,40.9783379268329,140620,489.132909020477,649.766424614,324272.923038264
15212,2020,519.815088528093,40.9408814636472,140620,439.571744682063,600.058432374124,270207.72626147
15213,2020,631.139829994317,40.9796122377864,140620,550.820574572483,711.459085416151,398337.485005255
15214,2020,487.746528135326,40.964468073284,140620,407.456954985978,568.036101284673,237896.675708064
15215,2020,592.722812903432,40.9653552055809,140620,512.431500991767,673.014124815097,351320.332936157
15216,2020,551.625629698016,40.9490340658843,140620,471.366306907685,631.884952488348,304290.835339733
15217,2020,676.091473148027,40.9512338762589,140620,595.827838771477,756.355107524577,457099.680063469
15218,2020,551.89978460686,40.953958216794,140620,471.630810575019,632.168758638701,304593.372249098
15219,2020,509.730305210024,41.006382037786,140620,429.358581492706,590.102028927343,259824.984049505
15220,2020,510.638238535572,40.9551716941153,140620,430.366886111414,590.90959095973,260751.410654711
15221,2020,481.939439803185,40.9320910078175,140620,401.713325082285,562.165554524084,232265.623637808
15222,2020,650.470746872482,41.3633956846872,140620,569.399283242346,731.542210502617,423112.192536844
15223,2020,529.365811561816,41.011365233062,140620,448.984320877161,609.747302246471,280228.1624505
15224,2020,615.379895102656,40.9999676474809,140620,535.02074346753,695.739046737782,378692.415296556
15226,2020,526.75515559439,40.9582142130341,140620,446.477839891401,607.03247129738,277470.99394527
15227,2020,507.130725346049,40.9336206807978,140620,426.901612495394,587.359838196705,257181.57259001
15228,2020,610.151334723847,40.9600387751367,140620,529.870442914068,690.432226533626,372284.651265292
15229,2020,555.694423343841,40.9562938557479,140620,475.420871504367,635.967975183315,308796.292135444
15232,2020,729.025636951538,41.0110197970579,140620,648.644823314837,809.406450588239,531478.379332596
15233,2020,532.861634582764,41.2251699217712,140620,452.06109080158,613.662178363949,283941.521610216
15234,2020,533.553421318697,40.9539093906709,140620,453.284542985123,613.822299652271,284679.253400887
15235,2020,449.416992805594,40.9179100300424,140620,369.218672529636,529.615313081553,201975.633422424
15236,2020,523.843976764422,40.9302369480274,140620,443.621495965214,604.066457563629,274412.511992364
15237,2020,545.986715102867,40.9163090980253,140620,465.791532623012,626.181897582723,298101.49306882
15238,2020,581.539310283451,40.9413780798853,140620,501.294993079102,661.7836274878,338187.969404952
15239,2020,498.227004094189,40.9492269641324,140620,417.967303226984,578.486704961394,248230.147608671
15241,2020,545.251120094129,40.9493555593486,140620,464.991167182762,625.511073005496,297298.783963902
15243,2020,575.630009660052,40.9603981569486,140620,495.348413468802,655.911605851301,331349.908021231
15201,2021,661.051276050572,40.9571487952,140620,580.77604854614,741.326503555004,436988.789568089
15202,2021,559.778500131065,40.9423713789614,140620,479.532236079543,640.024764182586,313351.969208984
15203,2021,649.331385468312,40.9865896513231,140620,568.998454449531,729.664316487093,421631.248154197
15204,2021,481.337955089705,40.980126378734,140620,401.017691961457,561.658218217953,231686.227009939
15205,2021,547.256106818758,40.9370881937724,140620,467.02019770906,627.492015928457,299489.246450424
15206,2021,618.227711100437,40.9460443647252,140620,537.974248067138,698.481174133735,382205.502772485
15207,2021,540.945575009691,40.9651445375192,140620,460.654676003394,621.236474015989,292622.115122566
15208,2021,587.146999275159,40.9999962733639,140620,506.78779153385,667.506207016467,344741.598757823
15209,2021,556.765975962756,40.960269831157,140620,476.484631287601,637.047320637911,309988.35198976
15210,2021,485.25007182787,40.93796569269,140620,405.012442837092,565.487700818647,235467.632208953
15211,2021,597.330546566532,40.970847375301,140620,517.028470107364,677.632623025699,356803.781861471
15212,2021,547.695968277387,40.9335814815048,140620,467.466932256595,627.925004298178,299970.873667304
15213,2021,659.02070974361,40.9724608506735,140620,578.715470903603,739.325948583617,434308.295870972
15214,2021,515.627407884619,40.9569618485398,140620,435.352546792062,595.902268977176,265871.623761811
15215,2021,620.603692652725,40.9583055684499,140620,540.32619789487,700.88118741058,385148.943334198
15216,2021,579.50650944731,40.9419535514145,140620,499.261064329781,659.751954564839,335827.794491805
15217,2021,703.97235289732,40.9438007841286,140620,623.723287239037,784.221418555603,495577.073643789
15218,2021,579.780664356153,40.9466687621144,140620,499.525977515926,660.03535119638,336145.618761262
15219,2021,537.611184959318,40.9989909782649,140620,457.253947577157,617.968422341479,289025.786193362
15220,2021,538.519118284865,40.9480583083229,140620,458.261707960672,618.776528609057,290002.840758308
15221,2021,509.820319552478,40.9249119329011,140620,429.608275680969,590.032363423986,259916.758228591
15222,2021,678.351626621775,41.3556043721075,140620,597.295433815129,759.407819428421,460160.929340408
15223,2021,557.246691311109,41.0042333116093,140620,476.879179055959,637.614203566259,310523.874977179
15224,2021,643.260774851949,40.9927995270664,140620,562.9156725956,723.605877108298,413784.42446313
15226,2021,554.636035343684,40.9508286436562,140620,474.373195215277,634.898875472091,307621.13170176
15227,2021,535.011605095343,40.9263752355147,140620,454.796693178727,615.226517011959,286237.417586695
15228,2021,638.03221447314,40.952963508977,140620,557.765190049577,718.299238896704,407085.106705499
15229,2021,583.575303093134,40.9492227060241,140620,503.31561057174,663.834995614528,340560.134380243
15232,2021,756.906516700831,41.0031630502133,140620,676.541102137527,837.271931264136,572907.475024186
15233,2021,560.742514332058,41.2182961644584,140620,479.955442983606,641.529585680509,314432.167379438
15234,2021,561.43430106799,40.9469429316277,140620,481.179076860766,641.689525275214,315208.474415703
15235,2021,477.297872554887,40.9106459856737,140620,397.11378966682,557.481955442955,227813.259145422
15236,2021,551.724856513715,40.922661152299,140620,471.517224129095,631.932488898335,304400.317295079
15237,2021,573.867594852161,40.9092354377534,140620,493.686276611011,654.04891309331,329324.016421404
15238,2021,609.420190032744,40.9343242838995,140620,529.189698133481,689.650681932008,371392.968019546
15239,2021,526.107883843482,40.9420389908161,140620,445.862271266362,606.353496420603,276789.505442267
15241,2021,573.131999843422,40.941881801328,140620,492.886695354689,653.377304332155,328480.28924452
15243,2021,603.510889409345,40.9530755422922,140620,523.243645402629,683.778133416061,364225.393635659
15201,2022,676.110537147805,40.9599330703769,140620,595.829852517332,756.391221778278,457125.458442294
15202,2022,574.837761228298,40.9455608916302,140620,494.585245793009,655.090276663586,330438.451733962
15203,2022,664.390646565545,40.9900313448741,140620,584.050969893296,744.730323237794,441414.931243783
15204,2022,496.397216186938,40.9829955250728,140620,416.071329586797,576.723102787079,246410.196238142
15205,2022,562.315367915992,40.9399970848137,140620,482.073757435543,642.55697839644,316198.572994497
15206,2022,633.28697219767,40.9491711191396,140620,553.027380785582,713.546563609758,401052.389155293
15207,2022,556.004836106925,40.9680502797311,140620,475.708241901523,636.301430312326,309141.377774288
15208,2022,602.206260372392,41.0026209843699,140620,521.841908247762,682.570612497021,362652.380031701
15209,2022,571.825237059989,40.963016433365,140620,491.538509097091,652.111965022887,326984.101738713
15210,2022,500.309332925103,40.9409896291897,140620,420.06577707668,580.552888773526,250309.428611961
15211,2022,612.389807663765,40.9740598520119,140620,532.081434811748,692.698180515782,375021.276530463
15212,2022,562.75522937462,40.9364381735859,140620,482.520594292042,642.989864457198,316693.448188481
15213,2022,674.079970840843,40.9749944150131,140620,593.769766263236,754.390175418451,454383.807088792
15214,2022,530.686668981852,40.960219228761,140620,450.405423486425,610.96791447728,281628.340635054
15215,2022,635.662953749958,40.9614730822364,140620,555.379250725724,715.946656774192,404067.390770122
15216,2022,594.565770544543,40.9450908165805,140620,514.314176447352,674.817364641734,353508.455503226
15217,2022,719.031613994553,40.9466144593336,140620,638.777033586737,799.28619440237,517006.461923613
15218,2022,594.839925453386,40.94993241876,140620,514.578841908617,675.101008998155,353834.53691339
15219,2022,552.670446056551,41.0010847191626,140620,472.309104982316,633.031787130786,305444.621944347
15220,2022,553.578379382098,40.9509038482858,140620,473.315391854057,633.841366910139,306449.02211931
15221,2022,524.879580649711,40.9276430590637,140620,444.662183823212,605.09697747621,275498.574183017
15222,2022,693.410887719008,41.3578204419968,140620,612.350351457806,774.47142398021,480818.659207263
15223,2022,572.305952408342,41.0070904994851,140620,491.932840119657,652.679064697028,327534.10316202
15224,2022,658.320035949182,40.9959625124771,140620,577.968734301985,738.67133759638,433385.269732133
15226,2022,569.695296440917,40.9536776533623,140620,489.426872308031,649.963720573803,324552.730786904
15227,2022,550.070866192576,40.9295924930622,140620,469.849648512762,630.29208387239,302577.957833851
15228,2022,653.091475570373,40.9559020595648,140620,572.818691643917,733.36425949683,426528.475462688
15229,2022,598.634564190367,40.9523813263509,140620,518.368680833605,678.900447547129,358363.341443391
15232,2022,771.965777798065,41.0062571881932,140620,691.594298783558,852.337256812572,595931.162091371
15233,2022,575.801775429291,41.2206639979582,140620,495.010063172513,656.593487686069,331547.684587523
15234,2022,576.493562165223,40.94973576037,140620,496.232864067134,656.754260263313,332344.827217948
15235,2022,492.357133652121,40.9138579143377,140620,412.166755445365,572.547511858877,242415.547058132
15236,2022,566.784117610948,40.926022041102,140620,486.569897948619,646.998337273277,321244.235976021
15237,2022,588.926855949394,40.9122662511522,140620,508.739597372009,669.114114526779,346834.841658438
15238,2022,624.479451129978,40.9375840305065,140620,544.242570189773,704.716332070183,389974.584883598
15239,2022,541.167144940716,40.94480782574,140620,460.916105500155,621.418184381277,292861.878763286
15241,2022,588.191260940655,40.94526689895,140620,507.939321725392,668.443200155919,345968.959446958
15243,2022,618.570150506578,40.9562726208769,140620,538.296640287045,698.843660726112,382629.031097731
15201,2023,684.990517150978,40.9630661146661,140620,604.70369181368,765.277342488275,469212.008586764
15202,2023,583.71774123147,40.9485420908134,140620,503.459382702858,663.976099760082,340726.401428369
15203,2023,673.270626568717,40.9934295663628,140620,592.92428944741,753.616963690025,453293.336600233
15204,2023,505.277196190111,40.9859519772836,140620,424.945515000238,585.608877379983,255305.04498974
15205,2023,571.195347919164,40.943442736802,140620,490.946984026786,651.443711811542,326264.125484495
15206,2023,642.166952200843,40.9522645403784,140620,561.90129774235,722.432606659335,412378.394498919
15207,2023,564.884816110097,40.9715714012445,140620,484.581320573942,645.188311646252,319094.855471738
15208,2023,611.086240375564,41.0057924737028,140620,530.715672192561,691.456808558567,373426.393176342
15209,2023,580.705217063162,40.9662125168838,140620,500.412224837756,660.998209288567,337218.549124374
15210,2023,509.189312928275,40.944032581848,140620,428.9397929509,589.43883290565,259273.756400369
15211,2023,621.269787666937,40.977061714374,140620,540.955531222162,701.584044111713,385976.149067721
15212,2023,571.635209377792,40.9396094444395,140620,491.394358665056,651.876060090529,326766.812600392
15213,2023,682.959950844016,40.9784960421551,140620,602.642883144249,763.277018543782,466434.29445686
15214,2023,539.566648985024,40.9634862903056,140620,459.279000111518,619.854297858531,291132.168696929
15215,2023,644.542933753131,40.964510047674,140620,564.253278334783,724.832589171479,415435.593451093
15216,2023,603.445750547715,40.9484741830753,140620,523.18752511697,683.70397597846,364146.773854095
15217,2023,727.911593997726,40.9499113553588,140620,647.65055173682,808.172636258632,529855.28867631
15218,2023,603.719905456559,40.9528942839858,140620,523.453016712653,683.986794200464,364477.724244476
15219,2023,561.550426059723,41.0050757612632,140620,481.18126261938,641.919589500066,315338.881007857
15220,2023,562.45835938527,40.9542000355466,140620,482.188911393304,642.727807377237,316359.40604237
15221,2023,533.759560652884,40.9310743840609,140620,453.535438495083,613.983682810684,284899.268588359
15222,2023,702.29086772218,41.3614795471436,140620,621.223159684945,783.358575759416,493212.462885973
15223,2023,581.185932411515,41.0103359901339,140620,500.806459023293,661.565405799736,337777.088033042
15224,2023,667.200015952355,40.9988851469345,140620,586.842985997575,747.557045907134,445155.861286822
15226,2023,578.575276444089,40.9570796930957,140620,498.300184378459,658.85036850972,334749.350512354
15227,2023,558.950846195748,40.9329607697955,140620,478.723026758023,639.178665633473,312426.048462943
15228,2023,661.971455573546,40.959037741118,140620,581.692525771279,742.250385375813,438206.207994159
15229,2023,607.51454419354,40.9558269134665,140620,527.241907551998,687.787180835082,369073.921406684
15232,2023,780.845757801237,41.0099914492449,140620,700.466959706562,861.224555895912,609720.097476188
15233,2023,584.681755432463,41.2246843110062,140620,503.882163439081,665.481347425846,341852.755135587
15234,2023,585.373542168396,40.9532645269931,140620,505.105927755284,665.641156581507,342662.183870775
15235,2023,501.237113655293,40.9170694745108,140620,421.040440852084,581.433786458502,251238.644105489
15236,2023,575.664097614121,40.9296939993636,140620,495.442680983899,655.885514244342,331389.15328188
15237,2023,597.806835952566,40.9155075511579,140620,517.613224489225,678.000447415907,357373.013111618
15238,2023,633.35943113315,40.9410524504717,140620,553.115752156217,713.603110110083,401144.169005307
15239,2023,550.047124943888,40.9483367252066,140620,469.789168927934,630.305080959842,302551.839659037
15241,2023,597.071240943828,40.9486712958708,140620,516.812629175777,677.329852711878,356494.066762202
15243,2023,627.450130509751,40.9595404467185,140620,547.170215414131,707.73004560537,393693.666276703
15201,2024,700.428898645916,40.9636769476835,140620,620.140876087599,780.716921204233,490600.642058331
15202,2024,599.156122726409,40.9497213213017,140620,518.895452928617,679.416792524201,358988.059400543
15203,2024,688.709008063656,40.9940928198046,140620,608.361370978301,769.056645149011,474320.097788025
15204,2024,520.715577685049,40.9871340689134,140620,440.381579618214,601.049575751885,271144.712843875
15205,2024,586.633729414103,40.9442786151381,140620,506.383727216189,666.883731612016,344139.132486299
15206,2024,657.605333695781,40.9529308532034,140620,577.338373276909,737.872294114653,432444.77490514
15207,2024,580.323197605035,40.9723690656205,140620,500.018138661975,660.628256548096,336775.013678533
15208,2024,626.524621870503,41.0069557379058,140620,546.151773711933,706.897470029073,392533.101809976
15209,2024,596.1435985581,40.9674052807228,140620,515.848268538406,676.438928577794,355387.190101801
15210,2024,524.627694423214,40.9451079963602,140620,444.376066653984,604.879322192444,275234.217755817
15211,2024,636.708169161876,40.9776332558887,140620,556.392792506674,717.023545817078,405397.292677468
15212,2024,587.073590872731,40.9405389320146,140620,506.830918382142,667.316263363319,344655.401100202
15213,2024,698.398332338954,40.9791885996765,140620,618.079907239705,778.716757438203,487760.230613832
15214,2024,555.005030479963,40.9643098550377,140620,474.715767435349,635.294293524577,308030.583858065
15215,2024,659.981315248069,40.9657778749945,140620,579.689174912446,740.273455583693,435575.336476571
15216,2024,618.884132042654,40.9493216626508,140620,538.624245568166,699.144018517142,383017.568894189
15217,2024,743.349975492664,40.9509314010337,140620,663.086933961765,823.613017023564,552569.186064945
15218,2024,619.158286951497,40.9539284118219,140620,538.889371336831,699.427202566163,383356.984300713
15219,2024,576.988807554662,41.0058317028265,140620,496.618162483327,657.359452625996,332916.084043351
15220,2024,577.896740880209,40.9551295882444,140620,497.625470982752,658.168010777666,333964.643119967
15221,2024,549.197942147822,40.9319011817897,140620,468.972199482303,629.423684813342,301618.379659403
15222,2024,717.729249217119,41.3625332446247,140620,636.659475952994,798.799022481244,515135.275181769
15223,2024,596.624313906453,41.0106405719896,140620,516.244243543626,677.004384269281,355960.571944346
15224,2024,682.638397447293,40.9995117621684,140620,602.280139338652,762.996655555934,465995.181669409
15226,2024,594.013657939028,40.9581578454999,140620,513.736452715326,674.290863162729,352852.225818104
15227,2024,574.389227690687,40.9337738261841,140620,494.159814678007,654.618640703367,329922.984887104
15228,2024,677.409837068484,40.9604082989678,140620,597.128220999071,757.691453137897,458884.08735715
15229,2024,622.952925688478,40.9567648444948,140620,542.678450720078,703.227400656879,388070.347623835
15232,2024,796.284139296176,41.0103220117222,140620,715.904693305374,876.663585286978,634068.430494651
15233,2024,600.120136927402,41.2252161454591,140620,519.319502548674,680.92077130613,360144.178745763
15234,2024,600.811923663334,40.9541943145194,140620,520.542486884472,681.081360442197,360974.967616036
15235,2024,516.675495150232,40.9182984904979,140620,436.476413499218,596.874576801246,266953.567288737
15236,2024,591.102479109059,40.9303170062785,140620,510.879841397212,671.325116820906,349402.140808876
15237,2024,613.245217447505,40.9166034889254,140620,533.049457967121,693.440976927888,376069.696722237
15238,2024,648.797812628089,40.9420602341484,140620,568.552158414444,729.043466841734,420938.601670992
15239,2024,565.485506438827,40.9492208524836,140620,485.225817550336,645.745195327317,319773.857992376
15241,2024,612.509622438766,40.9496985783329,140620,532.248997216758,692.770247660775,375168.03758008
15243,2024,642.888512004689,40.9604825186705,140620,562.60675046608,723.170273543299,413305.638867603
15201,2025,698.744374683944,41.0681082905856,140620,618.251668692901,779.237080674986,488243.701152455
15202,2025,597.471598764436,41.0552133233126,140620,517.004166662372,677.939030866501,356972.311330131
15203,2025,687.024484101683,41.0996530453955,140620,606.469950995145,767.579017208222,472002.641755184
15204,2025,519.031053723077,41.0930611751113,140620,438.489440556093,599.572666890061,269393.234728887
15205,2025,584.94920545213,41.0487666008733,140620,504.494408802622,665.404002101637,342165.572959078
15206,2025,655.920809733808,41.0581810405917,140620,575.447560962694,736.394058504922,430232.108641855
15207,2025,578.638673643063,41.0772709349905,140620,498.128009044408,659.149338241718,334822.714635403
15208,2025,624.84009790853,41.1111989618236,140620,544.262935026842,705.417260790218,390425.147954342
15209,2025,594.459074596127,41.0728464137307,140620,513.957081974433,674.961067217822,353381.591369684
15210,2025,522.943170461241,41.0501952662151,140620,442.485573655016,603.400767267466,273469.559532055
15211,2025,635.023645199903,41.0835323042124,140620,554.500708437449,715.546581962358,403255.029962973
15212,2025,585.389066910758,41.0453865128044,140620,504.940895169153,665.837238652363,342680.359658648
15213,2025,696.713808376982,41.0851863375685,140620,616.187629740816,777.239987013147,485410.130783158
15214,2025,553.32050651799,41.0690209935544,140620,472.826011646603,633.815001389378,306163.582933325
15215,2025,658.296791286097,41.0696301443291,140620,577.801102490853,738.79248008134,433354.665417571
15216,2025,617.199608080681,41.0540859221907,140620,536.734385663231,697.664830498131,380935.356214947
15217,2025,741.665451530692,41.056069881505,140620,661.196340590969,822.134562470414,550067.641994225
15218,2025,617.473762989525,41.0592566081852,140620,536.998406126519,697.94911985253,381273.847980444
15219,2025,575.304283592689,41.1110080382687,140620,494.727494917513,655.881072267865,330975.018720097
15220,2025,576.212216918236,41.0604304736672,140620,495.73455930136,656.689874535112,332020.518925829
15221,2025,547.51341818585,41.0377513289859,140620,467.080211258351,627.946625113348,299770.943093553
15222,2025,716.044725255146,41.4665395310461,140620,634.77110166086,797.318348849432,512720.048565718
15223,2025,594.939789944481,41.1141015864528,140620,514.356937974091,675.522641914871,353953.353659183
15224,2025,680.953873485321,41.104171941628,140620,600.390483428682,761.517263541959,463698.177814662
15226,2025,592.329133977055,41.0632789858145,140620,511.845893330906,672.812374623205,350853.802958008
15227,2025,572.704703728714,41.0386403513868,140620,492.269754334331,653.139653123098,327990.677672994
15228,2025,675.725313106512,41.064994715293,140620,595.238709663433,756.211916549591,456604.698772893
15229,2025,621.268401726506,41.0621487917193,140620,540.787376239145,701.749427213866,385974.426983807
15232,2025,794.599615334203,41.1166555835599,140620,714.01175757838,875.187473090026,631388.548689263
15233,2025,598.435612965429,41.3288318565787,140620,517.431893776654,679.439332154205,358125.182865309
15234,2025,599.127399701362,41.0585852584596,140620,518.653358670966,679.601440731758,358953.641072915
15235,2025,514.990971188259,41.0238499149589,140620,434.585010766108,595.39693161041,265215.700405426
15236,2025,589.417955147086,41.035788710955,140620,508.988594913354,669.847315380819,347413.525849773
15237,2025,611.560693485532,41.0219339911315,140620,531.158488237402,691.962898733662,374006.481816505
15238,2025,647.113288666116,41.0463710141289,140620,566.663187320763,727.563390011469,418755.608368276
15239,2025,563.800982476854,41.0537442923596,140620,483.336429647332,644.265535306376,317871.547841866
15241,2025,610.825098476794,41.0550805621622,140620,530.357926584042,691.292270369545,373107.300929185
15243,2025,641.203988042716,41.0659603288802,140620,560.715492015493,721.69248406994,411142.554281884
